assists_away_team,assists_home_team,attendance,away_goals,away_goals_details,away_manager,away_team,blocks_away_team,blocks_home_team,clearances_away_team,clearances_home_team,corners_away_team,corners_home_team,crosses_away_team,crosses_home_team,date,fouls_away_team,fouls_home_team,free_kicks_away_team,free_kicks_home_team,handballs_away_team,handballs_home_team,home_goals,home_goals_details,home_manager,home_team,offsides_away_team,offsides_home_team,penalties_away_team,penalties_home_team,red_cards_away_team,red_cards_home_team,referee,result,saves_away_team,saves_home_team,season,shots_off_target_away_team,shots_off_target_home_team,shots_on_target_away_team,shots_on_target_home_team,throw_ins_away_team,throw_ins_home_team,total_shots_away_team,total_shots_home_team,venue,yellow_cards_away_team,yellow_cards_home_team
1,0,54557,1,Marcus Rashford (16),Louis van Gaal,Man Utd,5,1,23,29,5,11,8,22,Sunday 20 March 2016,12,9,11,13,1,1,0,,Manuel Pellegrini,Man City,1,2,0,0,0,0,Michael Oliver,0-1,3,3,2015-2016,0,16,4,3,27,28,4,19,Etihad Stadium,1,1
0,2,36084,0,,Eddie Howe,Bournemouth,1,0,29,25,5,4,18,10,Sunday 20 March 2016,6,11,13,11,0,0,3,"Harry Kane (1, 16),Christian Eriksen (52)",Mauricio Pochettino,Spurs,5,3,0,0,0,0,Neil Swarbrick,3-0,4,0,2015-2016,2,8,0,8,36,25,2,16,White Hart Lane,1,0
0,1,52311,1,Jermain Defoe (44),Sam Allardyce,Sunderland,2,3,34,31,5,2,3,19,Sunday 20 March 2016,7,14,14,7,0,0,1,Aleksandar Mitrovic (83),Rafael Benítez,Newcastle,1,1,0,0,0,0,Martin Atkinson,1-1,6,3,2015-2016,7,7,4,8,17,29,11,15,St. James' Park,1,4
2,3,31596,2,"Philippe Coutinho (17),Daniel Sturridge (22)",Jürgen Klopp,Liverpool,5,4,24,31,5,3,11,17,Sunday 20 March 2016,13,10,13,12,0,1,3,"Sadio Mané (64, 86),Graziano Pellè (83)",Ronald Koeman,Southampton,2,3,0,1,0,0,Roger East,3-2,2,6,2015-2016,3,6,8,5,23,13,11,11,St. Mary's Stadium,3,1
0,1,20454,0,,Rémi Garde,Aston Villa,3,6,23,49,6,4,27,14,Saturday 19 March 2016,10,9,12,9,0,1,1,Federico Fernández (53),Francesco Guidolin,Swansea,0,3,0,0,0,0,Mike Dean,1-0,0,2,2015-2016,4,6,2,1,31,28,6,7,Liberty Stadium,2,3
1,0,41623,2,"Manuel Lanzini (17),Andy Carroll (61)",Slaven Bilic,West Ham,6,4,27,18,9,10,8,20,Saturday 19 March 2016,14,13,13,13,1,2,2,"Cesc Fàbregas (45+3, 89 Pen)",Guus Hiddink,Chelsea,2,1,0,1,0,0,Robert Madley,2-2,3,3,2015-2016,3,11,6,5,8,20,9,16,Stamford Bridge,5,3
1,0,25041,1,Riyad Mahrez (34),Claudio Ranieri,Leicester,2,2,44,26,7,10,22,30,Saturday 19 March 2016,13,9,9,13,0,0,0,,Alan Pardew,Crystal Palace,0,0,0,0,0,0,Mike Jones,0-1,4,2,2015-2016,3,7,3,4,19,34,6,11,Selhurst Park,1,1
2,1,20759,2,"Jonathan Walters (18),Joselu (51)",Mark Hughes,Stoke,1,1,38,16,2,9,19,25,Saturday 19 March 2016,14,10,12,18,0,0,1,Troy Deeney (86),Enrique Sánchez Flores,Watford,4,2,0,0,0,0,Craig Pawson,1-2,3,4,2015-2016,2,4,6,4,20,29,8,8,Vicarage Road,1,3
1,0,25039,1,Robbie Brady (50),Alex Neil,Norwich,3,2,49,36,3,4,19,16,Saturday 19 March 2016,13,8,11,15,0,0,0,,Tony Pulis,West Brom,2,4,0,0,0,0,Anthony Taylor,0-1,0,0,2015-2016,4,6,1,0,31,26,5,6,The Hawthorns,2,1
2,0,39270,2,"Danny Welbeck (7),Alex Iwobi (42)",Arsène Wenger,Arsenal,1,4,32,15,5,7,7,29,Saturday 19 March 2016,10,7,8,13,0,1,0,,Roberto Martinez,Everton,3,1,0,0,0,0,Mark Clattenburg,0-2,2,1,2015-2016,4,5,3,2,19,27,7,7,Goodison Park,0,0
0,1,31824,0,,Rafael Benítez,Newcastle,6,5,26,19,4,8,16,21,Monday 14 March 2016,9,4,4,9,0,0,1,Shinji Okazaki (25),Claudio Ranieri,Leicester,1,0,0,0,0,0,Craig Pawson,1-0,0,2,2015-2016,5,3,2,1,26,33,7,4,King Power Stadium,0,0
2,0,32393,2,"Harry Kane (45, 48)",Mauricio Pochettino,Spurs,4,5,37,25,8,5,9,22,Sunday 13 March 2016,6,6,9,8,0,1,0,,Rémi Garde,Aston Villa,2,3,0,0,0,0,Anthony Taylor,0-2,2,6,2015-2016,6,6,8,2,22,27,14,8,Villa Park,0,0
1,2,11179,2,"Modou Barrow (39),Gylfi Sigurdsson (62)",Alan Curtis,Swansea,2,1,24,24,3,5,16,11,Saturday 12 March 2016,11,12,13,12,0,0,3,"Max Gradel (37),Joshua King (50),Steve Cook (78)",Eddie Howe,Bournemouth,1,1,0,0,0,0,Roger East,3-2,1,2,2015-2016,7,6,4,4,32,30,11,10,Vitality Stadium,0,1
2,1,27833,2,"Graziano Pellè (11, 30)",Ronald Koeman,Southampton,3,2,42,15,4,1,18,22,Saturday 12 March 2016,12,13,11,12,0,0,1,Marko Arnautovic (52),Mark Hughes,Stoke,1,0,0,0,1,0,Lee Mason,1-2,1,2,2015-2016,5,7,4,2,24,25,9,9,Britannia Stadium,2,1
0,0,26323,0,,Manuel Pellegrini,Man City,1,7,36,48,8,3,24,15,Saturday 12 March 2016,10,15,15,11,2,2,0,,Alex Neil,Norwich,1,2,0,0,0,0,Jonathan Moss,0-0,0,3,2015-2016,5,4,3,0,21,23,8,4,Carrow Road,1,3
0,1,24878,0,,Louis van Gaal,Man Utd,3,3,18,23,5,4,16,12,Sunday 6 March 2016,7,8,12,7,0,0,1,Salomón Rondón (66),Tony Pulis,West Brom,1,5,0,0,1,0,Mike Dean,1-0,1,1,2015-2016,2,3,1,2,19,29,3,5,The Hawthorns,0,1
0,0,24709,2,"Roberto Firmino (72),Christian Benteke (90+6 Pen)",Jürgen Klopp,Liverpool,4,8,32,17,6,6,16,20,Sunday 6 March 2016,16,12,13,18,1,0,1,Joe Ledley (48),Alan Pardew,Crystal Palace,2,3,1,0,1,0,Andre Marriner,1-2,3,3,2015-2016,6,6,5,4,14,19,11,10,Selhurst Park,2,1
0,0,20884,1,Riyad Mahrez (56),Claudio Ranieri,Leicester,3,0,25,21,8,3,15,22,Saturday 5 March 2016,11,10,12,12,0,0,0,,Enrique Sánchez Flores,Watford,1,2,0,0,0,0,Jonathan Moss,0-1,4,5,2015-2016,7,4,7,4,24,23,14,8,Vicarage Road,2,2
0,1,41381,1,Mame Biram Diouf (85),Mark Hughes,Stoke,4,4,18,17,4,8,13,18,Saturday 5 March 2016,10,9,10,13,2,0,1,Bertrand Traore (39),Guus Hiddink,Chelsea,4,3,0,0,0,0,Mark Clattenburg,1-1,6,4,2015-2016,8,8,5,7,23,21,13,15,Stamford Bridge,2,1
3,2,39000,3,"Michail Antonio (78),Diafra Sakho (81),Dimitri Payet (90)",Slaven Bilic,West Ham,5,5,24,33,6,9,29,16,Saturday 5 March 2016,13,12,12,14,1,0,2,"Romelu Lukaku (13),Aaron Lennon (56)",Roberto Martinez,Everton,3,1,0,1,0,1,Anthony Taylor,2-3,6,2,2015-2016,7,2,5,8,14,13,12,10,Goodison Park,3,2
0,3,53892,0,,Rémi Garde,Aston Villa,3,1,31,4,1,9,8,18,Saturday 5 March 2016,10,10,12,9,0,0,4,"Yaya Touré (48),Sergio Agüero (50, 60),Raheem Sterling (66)",Manuel Pellegrini,Man City,0,2,0,1,0,0,Lee Mason,4-0,5,1,2015-2016,0,10,1,9,10,16,1,19,Etihad Stadium,1,0
2,1,52107,3,"Steven Taylor (28 OG),Joshua King (70),Charlie Daniels (90+2)",Eddie Howe,Bournemouth,6,6,33,27,4,5,15,15,Saturday 5 March 2016,8,14,15,9,0,0,1,Ayoze Pérez (80),Steve McClaren,Newcastle,1,1,0,0,0,0,Paul Tierney,1-3,2,3,2015-2016,4,5,5,4,29,19,9,9,St. James' Park,3,1
1,1,31458,1,Jermain Defoe (85),Sam Allardyce,Sunderland,7,4,37,40,2,12,17,22,Saturday 5 March 2016,9,9,9,9,1,1,1,Virgil van Dijk (90+3),Ronald Koeman,Southampton,1,1,0,0,0,1,Neil Swarbrick,1-1,4,2,2015-2016,4,4,3,5,19,19,7,9,St. Mary's Stadium,1,2
0,1,20929,0,,Alex Neil,Norwich,2,2,37,37,0,5,13,15,Saturday 5 March 2016,15,14,16,17,0,1,1,Gylfi Sigurdsson (61),Francesco Guidolin,Swansea,3,3,0,0,0,0,Craig Pawson,1-0,2,3,2015-2016,3,5,3,3,21,32,6,8,Liberty Stadium,5,2
2,2,35762,2,"Aaron Ramsey (39),Alexis Sánchez (76)",Arsène Wenger,Arsenal,8,4,34,21,2,9,5,17,Saturday 5 March 2016,10,10,11,9,2,1,2,"Toby Alderweireld (60),Harry Kane (62)",Mauricio Pochettino,Spurs,1,2,0,0,1,0,Michael Oliver,2-2,9,2,2015-2016,2,7,4,11,28,34,6,18,White Hart Lane,2,2
0,3,43597,0,,Manuel Pellegrini,Man City,1,1,27,23,2,3,12,9,Wednesday 2 March 2016,14,14,18,14,0,0,3,"Adam Lallana (34),James Milner (41),Roberto Firmino (57)",Jürgen Klopp,Liverpool,1,4,0,0,0,0,Martin Atkinson,3-0,4,1,2015-2016,2,3,1,7,24,18,3,10,Anfield,1,0
0,0,75272,0,,Enrique Sánchez Flores,Watford,5,3,24,8,7,9,15,16,Wednesday 2 March 2016,17,7,9,15,1,0,1,Juan Mata (83),Louis van Gaal,Man Utd,0,2,0,0,0,0,Mike Jones,1-0,2,3,2015-2016,6,6,4,3,15,26,10,9,Old Trafford,2,1
1,1,59905,2,"Wayne Routledge (32),Ashley Williams (74)",Alan Curtis,Swansea,6,4,33,15,3,7,12,15,Wednesday 2 March 2016,11,8,11,13,0,0,1,Joel Campbell (15),Arsène Wenger,Arsenal,3,3,0,0,0,0,Robert Madley,1-2,3,0,2015-2016,5,7,2,4,16,22,7,11,Emirates Stadium,2,0
0,1,27331,0,,Steve McClaren,Newcastle,2,1,27,26,1,5,17,19,Wednesday 2 March 2016,6,11,12,7,0,1,1,Xherdan Shaqiri (80),Mark Hughes,Stoke,1,1,0,0,0,0,Neil Swarbrick,1-0,1,3,2015-2016,1,5,3,2,26,16,4,7,Britannia Stadium,0,1
0,1,34977,0,,Mauricio Pochettino,Spurs,5,0,20,33,3,6,15,10,Wednesday 2 March 2016,11,10,17,12,0,0,1,Michail Antonio (7),Slaven Bilic,West Ham,2,7,0,0,0,0,Andre Marriner,1-0,2,2,2015-2016,6,6,3,3,29,33,9,9,Boleyn Ground,3,0
3,1,29755,3,"Ramiro Funes Mori (5),Aaron Lennon (30),Romelu Lukaku (60)",Roberto Martinez,Everton,5,2,44,18,8,9,11,26,Tuesday 1 March 2016,7,8,8,8,0,1,1,Rudy Gestede (79),Rémi Garde,Aston Villa,1,0,0,0,0,0,Roger East,1-3,4,3,2015-2016,1,4,7,5,16,26,8,9,Villa Park,1,3
0,1,11033,0,,Ronald Koeman,Southampton,3,2,38,30,2,10,14,19,Tuesday 1 March 2016,18,11,12,21,3,1,2,"Steve Cook (31),Benik Afobe (79)",Eddie Howe,Bournemouth,4,1,0,0,0,0,Mike Dean,2-0,2,1,2015-2016,3,2,1,4,29,24,4,6,Vitality Stadium,0,0
1,1,32018,2,"Salomón Rondón (11),Craig Gardner (50)",Tony Pulis,West Brom,6,2,38,14,3,11,12,36,Tuesday 1 March 2016,8,10,8,12,1,2,2,"Jonas Olsson (30 OG),Andy King (45+1)",Claudio Ranieri,Leicester,4,1,0,0,0,0,Mark Clattenburg,2-2,4,1,2015-2016,6,11,4,4,27,26,10,15,King Power Stadium,2,0
2,1,27091,2,"Kenedy (1),Diego Costa (45+1)",Guus Hiddink,Chelsea,3,4,27,19,4,4,8,24,Tuesday 1 March 2016,5,17,20,6,0,0,1,Nathan Redmond (68),Alex Neil,Norwich,2,3,0,0,0,0,Lee Mason,1-2,2,0,2015-2016,4,7,2,2,14,27,6,9,Carrow Road,2,3
1,2,39795,2,"Connor Wickham (61, 67)",Alan Pardew,Crystal Palace,4,4,24,22,5,4,10,16,Tuesday 1 March 2016,14,11,11,17,0,3,2,"Dame N'Doye (36),Fabio Borini (90)",Sam Allardyce,Sunderland,3,0,0,0,0,0,Anthony Taylor,2-2,4,3,2015-2016,4,7,5,6,16,29,9,13,Stadium of Light,1,1
1,2,75329,2,"Danny Welbeck (40),Mesut Özil (69)",Arsène Wenger,Arsenal,1,3,18,29,3,2,13,12,Sunday 28 February 2016,15,21,21,15,0,0,3,"Marcus Rashford (29, 32),Ander Herrera (65)",Louis van Gaal,Man Utd,1,2,0,0,0,0,Craig Pawson,3-2,2,3,2015-2016,5,1,5,5,26,18,10,6,Old Trafford,3,4
1,1,35922,1,Alberto Paloschi (19),Francesco Guidolin,Swansea,6,3,47,25,7,7,7,21,Sunday 28 February 2016,14,11,12,14,0,0,2,"Nacer Chadli (70),Danny Rose (77)",Mauricio Pochettino,Spurs,3,3,0,0,0,0,Mike Jones,2-1,13,3,2015-2016,2,13,4,15,13,35,6,28,White Hart Lane,3,2
1,2,24806,2,"Connor Wickham (48, 80)",Alan Pardew,Crystal Palace,1,5,16,34,6,3,23,19,Saturday 27 February 2016,16,14,14,15,0,0,3,"Craig Gardner (12),Craig Dawson (20),Saido Berahino (31)",Tony Pulis,West Brom,1,1,0,0,0,0,Jonathan Moss,3-2,2,0,2015-2016,8,5,2,5,16,20,10,10,The Hawthorns,2,2
0,1,32114,0,,Alex Neil,Norwich,4,3,56,10,4,3,11,23,Saturday 27 February 2016,11,9,10,14,2,0,1,Leonardo Ulloa (89),Claudio Ranieri,Leicester,4,1,0,0,0,0,Neil Swarbrick,1-0,2,1,2015-2016,5,5,1,3,27,29,6,8,King Power Stadium,2,0
2,0,31688,2,"Cesc Fàbregas (75),Branislav Ivanovic (89)",Guus Hiddink,Chelsea,2,3,33,28,8,7,15,20,Saturday 27 February 2016,11,10,14,13,0,0,1,Shane Long (42),Ronald Koeman,Southampton,2,5,0,0,0,0,Martin Atkinson,1-2,1,2,2015-2016,9,3,4,2,13,13,13,5,St. Mary's Stadium,1,3
1,1,27703,1,Leandro Bacuna (79),Rémi Garde,Aston Villa,2,0,32,19,0,11,19,26,Saturday 27 February 2016,15,7,8,15,0,0,2,"Marko Arnautovic (51 Pen, 56)",Mark Hughes,Stoke,2,2,0,1,0,0,Kevin Friend,2-1,3,0,2015-2016,4,6,1,3,20,26,5,9,Britannia Stadium,3,0
0,0,20831,0,,Eddie Howe,Bournemouth,4,4,42,26,5,4,22,16,Saturday 27 February 2016,16,14,17,19,0,0,0,,Enrique Sánchez Flores,Watford,3,3,0,0,0,0,Anthony Taylor,0-0,1,3,2015-2016,4,9,3,1,28,21,7,10,Vicarage Road,1,3
0,0,34946,0,,Sam Allardyce,Sunderland,0,3,26,24,6,5,6,12,Saturday 27 February 2016,9,11,8,11,3,0,1,Michail Antonio (30),Slaven Bilic,West Ham,2,0,0,0,0,0,Mike Dean,1-0,3,4,2015-2016,6,6,4,3,39,26,10,9,Boleyn Ground,0,1
1,1,54551,2,"Harry Kane (53 Pen),Christian Eriksen (83)",Mauricio Pochettino,Spurs,8,1,34,23,1,7,12,19,Sunday 14 February 2016,17,12,15,17,3,1,1,Kelechi Iheanacho (74),Manuel Pellegrini,Man City,1,4,1,0,0,0,Mark Clattenburg,1-2,3,1,2015-2016,2,7,3,4,17,30,5,11,Etihad Stadium,3,1
4,0,35798,6,"Daniel Sturridge (16),James Milner (25),Emre Can (58),Divock Origi (63),Nathaniel Clyne (65),Kolo Touré (71)",Jürgen Klopp,Liverpool,1,1,17,24,6,0,15,13,Sunday 14 February 2016,9,10,8,10,0,0,0,,Rémi Garde,Aston Villa,1,0,0,0,0,0,Neil Swarbrick,0-6,1,3,2015-2016,1,4,9,1,18,16,10,5,Villa Park,1,3
0,2,60009,1,Jamie Vardy (45 Pen),Claudio Ranieri,Leicester,6,0,32,18,1,11,10,40,Sunday 14 February 2016,10,9,13,11,1,1,2,"Theo Walcott (70),Danny Welbeck (90+5)",Arsène Wenger,Arsenal,2,5,1,0,1,0,Martin Atkinson,2-1,4,3,2015-2016,4,12,3,6,15,29,7,18,Emirates Stadium,3,4
1,4,41622,1,Andros Townsend (90),Steve McClaren,Newcastle,3,5,16,19,5,8,16,8,Saturday 13 February 2016,16,11,13,15,0,0,5,"Diego Costa (5),Pedro (9, 59),Willian (17),Bertrand Traore (83)",Guus Hiddink,Chelsea,0,2,0,0,0,0,Roger East,5-1,2,2,2015-2016,2,4,3,7,23,15,5,11,Stamford Bridge,2,0
2,1,10863,3,"Giannelli Imbula (9),Ibrahim Afellay (52),Joselu (55)",Mark Hughes,Stoke,5,1,30,8,2,9,12,22,Saturday 13 February 2016,18,7,8,20,0,1,1,Matt Ritchie (57),Eddie Howe,Bournemouth,2,1,0,0,0,0,Graham Scott,1-3,1,3,2015-2016,4,4,6,2,22,22,10,6,Vitality Stadium,2,4
0,1,24564,2,"Troy Deeney (16 Pen, 82)",Enrique Sánchez Flores,Watford,2,2,34,24,3,8,11,26,Saturday 13 February 2016,14,16,21,12,3,0,1,Emmanuel Adebayor (45),Alan Pardew,Crystal Palace,0,6,1,0,0,1,Robert Madley,1-2,4,2,2015-2016,2,8,4,5,26,35,6,13,Selhurst Park,1,0
1,0,38103,1,Salomón Rondón (14),Tony Pulis,West Brom,14,1,64,17,1,14,6,41,Saturday 13 February 2016,12,10,11,14,1,0,0,,Roberto Martinez,Everton,2,1,0,0,0,0,Michael Oliver,0-1,5,0,2015-2016,3,12,1,6,12,23,4,18,Goodison Park,4,1
1,0,27101,2,"Dimitri Payet (74),Mark Noble (76)",Slaven Bilic,West Ham,3,0,23,25,3,3,18,16,Saturday 13 February 2016,11,16,18,17,0,0,2,"Robbie Brady (54),Wes Hoolahan (65)",Alex Neil,Norwich,8,3,0,0,0,0,Mike Jones,2-2,1,4,2015-2016,5,7,6,3,27,20,11,10,Carrow Road,2,2
1,0,20890,1,Shane Long (69),Ronald Koeman,Southampton,3,5,58,27,4,5,17,26,Saturday 13 February 2016,12,10,10,14,0,1,0,,Francesco Guidolin,Swansea,2,0,0,0,0,0,Jonathan Moss,0-1,2,4,2015-2016,4,8,5,2,31,23,9,10,Liberty Stadium,3,0
0,0,41687,1,Anthony Martial (39),Louis van Gaal,Man Utd,6,5,21,46,8,6,16,11,Saturday 13 February 2016,15,7,9,18,0,0,2,"Wahbi Khazri (3),David de Gea (82 OG)",Sam Allardyce,Sunderland,6,2,0,0,0,0,Andre Marriner,2-1,3,5,2015-2016,1,10,7,5,20,18,8,15,Stadium of Light,3,2
1,0,41434,1,Jesse Lingard (61),Louis van Gaal,Man Utd,5,3,29,25,11,10,18,22,Sunday 7 February 2016,9,6,7,10,1,0,1,Diego Costa (90+1),Guus Hiddink,Chelsea,1,1,0,0,0,0,Michael Oliver,1-1,4,6,2015-2016,6,6,7,5,29,25,13,11,Stamford Bridge,3,0
2,0,11357,2,"Mesut Özil (23),Alex Oxlade-Chamberlain (24)",Arsène Wenger,Arsenal,6,3,32,24,3,7,7,24,Sunday 7 February 2016,8,6,9,14,0,1,0,,Eddie Howe,Bournemouth,6,3,0,0,0,0,Kevin Friend,0-2,4,3,2015-2016,2,7,5,4,17,34,7,11,Vitality Stadium,1,0
0,1,29161,0,,Slaven Bilic,West Ham,2,10,24,47,5,4,29,11,Saturday 6 February 2016,10,17,16,13,0,0,1,Maya Yoshida (9),Ronald Koeman,Southampton,3,0,0,0,0,1,Mark Clattenburg,1-0,1,2,2015-2016,6,3,2,2,27,16,8,5,St. Mary's Stadium,2,1
0,1,32472,0,,Alex Neil,Norwich,3,3,27,38,11,2,19,17,Saturday 6 February 2016,11,10,11,15,0,0,2,"Timm Klose (45 OG),Gabriel Agbonlahor (51)",Rémi Garde,Aston Villa,5,1,0,0,0,0,Martin Atkinson,2-0,1,3,2015-2016,5,5,6,2,35,23,11,7,Villa Park,2,0
1,2,44179,2,"Adam Johnson (82),Jermain Defoe (89)",Sam Allardyce,Sunderland,4,1,46,10,2,7,5,21,Saturday 6 February 2016,12,4,6,14,1,0,2,"Roberto Firmino (59),Adam Lallana (70)",Jürgen Klopp,Liverpool,2,3,0,0,0,0,Robert Madley,2-2,3,0,2015-2016,4,7,2,5,23,30,6,12,Anfield,1,1
0,1,50152,0,,Tony Pulis,West Brom,7,4,28,12,4,8,8,24,Saturday 6 February 2016,12,12,11,14,0,2,1,Aleksandar Mitrovic (32),Steve McClaren,Newcastle,2,1,0,0,0,0,Lee Mason,1-0,6,0,2015-2016,3,5,0,7,19,25,3,12,St. James' Park,3,0
1,0,27733,3,"Romelu Lukaku (11 Pen),Seamus Coleman (28),Aaron Lennon (42)",Roberto Martinez,Everton,4,5,35,7,4,6,10,24,Saturday 6 February 2016,8,11,11,9,1,1,0,,Mark Hughes,Stoke,1,1,1,0,0,1,Andre Marriner,0-3,3,3,2015-2016,3,5,6,3,23,25,9,8,Britannia Stadium,0,1
1,0,20492,1,Scott Dann (47),Alan Pardew,Crystal Palace,7,3,35,35,5,9,16,28,Saturday 6 February 2016,14,11,12,11,1,1,1,Gylfi Sigurdsson (13),Francesco Guidolin,Swansea,0,1,0,0,0,0,Mike Dean,1-1,2,1,2015-2016,6,8,2,3,20,34,8,11,Liberty Stadium,2,1
0,1,35997,0,,Enrique Sánchez Flores,Watford,8,1,35,17,1,15,8,28,Saturday 6 February 2016,9,12,14,11,0,1,1,Kieran Trippier (64),Mauricio Pochettino,Spurs,3,2,0,0,0,0,Roger East,1-0,8,0,2015-2016,2,9,0,8,32,22,2,17,White Hart Lane,1,0
3,1,54693,3,"Robert Huth (3, 60),Riyad Mahrez (48)",Claudio Ranieri,Leicester,6,2,27,29,4,11,13,23,Saturday 6 February 2016,15,9,9,15,1,0,1,Sergio Agüero (87),Manuel Pellegrini,Man City,1,1,0,0,0,0,Anthony Taylor,1-3,3,4,2015-2016,5,12,7,4,15,40,12,16,Etihad Stadium,2,2
0,1,36061,0,,Steve McClaren,Newcastle,3,1,18,27,3,3,15,12,Wednesday 3 February 2016,15,8,8,11,0,1,3,"Aaron Lennon (23),Ross Barkley (88 Pen, 90+4 Pen)",Roberto Martinez,Everton,1,0,0,2,1,0,Craig Pawson,3-0,5,3,2015-2016,2,8,3,7,28,30,5,15,Goodison Park,1,1
0,0,20910,0,,Guus Hiddink,Chelsea,6,5,23,20,7,7,16,13,Wednesday 3 February 2016,13,10,10,15,0,1,0,,Enrique Sánchez Flores,Watford,2,0,0,0,0,0,Mike Dean,0-0,3,4,2015-2016,3,2,4,3,15,27,7,5,Vicarage Road,1,2
1,1,24855,2,"Marc Pugh (34),Benik Afobe (57)",Eddie Howe,Bournemouth,4,2,45,21,3,5,13,24,Tuesday 2 February 2016,15,11,12,15,2,0,1,Scott Dann (27),Alan Pardew,Crystal Palace,0,3,0,0,0,0,Mike Jones,1-2,2,2,2015-2016,2,6,4,3,24,32,6,9,Selhurst Park,4,3
0,3,75234,0,,Mark Hughes,Stoke,5,3,8,27,5,2,13,12,Tuesday 2 February 2016,13,13,16,14,0,0,3,"Jesse Lingard (14),Anthony Martial (23),Wayne Rooney (53)",Louis van Gaal,Man Utd,1,3,0,0,0,0,Roger East,3-0,2,0,2015-2016,7,5,0,5,22,19,7,10,Old Trafford,1,2
0,0,22062,1,Gylfi Sigurdsson (64),Francesco Guidolin,Swansea,3,6,45,17,7,7,11,36,Tuesday 2 February 2016,13,12,14,12,0,4,1,Salomón Rondón (90+2),Tony Pulis,West Brom,0,2,0,0,0,0,Neil Swarbrick,1-1,5,3,2015-2016,8,7,4,7,13,22,12,14,The Hawthorns,0,0
0,0,60044,0,,Ronald Koeman,Southampton,5,7,31,14,3,13,14,21,Tuesday 2 February 2016,19,11,11,21,2,0,0,,Arsène Wenger,Arsenal,2,0,0,0,0,0,Lee Mason,0-0,11,3,2015-2016,4,6,3,11,27,18,7,17,Emirates Stadium,1,2
0,1,32121,0,,Jürgen Klopp,Liverpool,3,8,29,39,12,3,27,11,Tuesday 2 February 2016,7,6,9,7,0,0,2,"Jamie Vardy (60, 71)",Claudio Ranieri,Leicester,2,3,0,0,0,0,Andre Marriner,2-0,4,1,2015-2016,5,4,1,6,31,23,6,10,King Power Stadium,1,0
1,0,27067,3,"Dele Alli (2),Harry Kane (30 Pen, 90)",Mauricio Pochettino,Spurs,2,2,28,32,8,6,9,19,Tuesday 2 February 2016,9,8,12,9,0,0,0,,Alex Neil,Norwich,0,5,1,0,0,0,Kevin Friend,0-3,2,3,2015-2016,9,6,6,3,23,31,15,9,Carrow Road,2,2
0,0,38852,1,Sergio Agüero (16),Manuel Pellegrini,Man City,3,2,45,39,4,8,6,18,Tuesday 2 February 2016,15,6,10,16,0,0,0,,Sam Allardyce,Sunderland,2,4,0,0,0,0,Stuart Attwell,0-1,2,1,2015-2016,3,5,2,3,20,26,5,8,Stadium of Light,4,1
0,2,34914,0,,Rémi Garde,Aston Villa,3,2,25,19,5,5,9,17,Tuesday 2 February 2016,11,9,14,9,0,0,2,"Michail Antonio (58),Cheikhou Kouyaté (85)",Slaven Bilic,West Ham,0,5,0,0,1,0,Jonathan Moss,2-0,4,2,2015-2016,1,16,2,6,15,17,3,22,Boleyn Ground,0,3
1,0,60072,1,Diego Costa (23),Guus Hiddink,Chelsea,1,3,25,14,7,6,11,18,Sunday 24 January 2016,13,14,14,20,1,1,0,,Arsène Wenger,Arsenal,7,1,0,0,0,1,Mark Clattenburg,0-1,1,4,2015-2016,3,7,6,1,19,22,9,8,Emirates Stadium,3,1
1,0,36908,2,"Gylfi Sigurdsson (17 Pen),André Ayew (34)",Francesco Guidolin,Swansea,7,1,37,11,1,7,8,33,Sunday 24 January 2016,12,5,6,11,0,0,1,Jack Cork (26 OG),Roberto Martinez,Everton,0,2,1,0,0,0,Anthony Taylor,1-2,2,3,2015-2016,1,11,6,2,13,25,7,13,Goodison Park,3,0
0,1,34977,2,"Sergio Agüero (9 Pen, 81)",Manuel Pellegrini,Man City,2,9,36,24,2,5,13,17,Saturday 23 January 2016,15,11,10,15,0,0,2,"Enner Valencia (1, 56)",Slaven Bilic,West Ham,1,1,1,0,0,0,Craig Pawson,2-2,1,1,2015-2016,4,5,3,3,23,21,7,8,Boleyn Ground,3,2
3,0,24867,3,"Harry Kane (63),Dele Alli (84),Nacer Chadli (90+5)",Mauricio Pochettino,Spurs,5,7,44,24,10,3,17,21,Saturday 23 January 2016,12,11,9,13,0,0,1,Jan Vertonghen (30 OG),Alan Pardew,Crystal Palace,2,0,0,0,0,0,Martin Atkinson,1-3,3,8,2015-2016,6,3,12,3,29,25,18,6,Selhurst Park,2,2
0,2,32018,0,,Mark Hughes,Stoke,3,1,25,19,4,8,21,20,Saturday 23 January 2016,13,10,11,12,0,1,3,"Daniel Drinkwater (42),Jamie Vardy (66),Leonardo Ulloa (87)",Claudio Ranieri,Leicester,0,1,0,0,0,0,Mike Dean,3-0,2,2,2015-2016,0,7,2,5,27,33,2,12,King Power Stadium,1,0
1,0,75408,1,Charlie Austin (87),Ronald Koeman,Southampton,2,0,28,22,4,4,17,14,Saturday 23 January 2016,8,11,13,9,1,0,0,,Louis van Gaal,Man Utd,1,2,0,0,0,0,Mike Jones,0-1,1,1,2015-2016,5,5,2,1,29,35,7,6,Old Trafford,0,0
1,1,41367,1,Benik Afobe (13),Eddie Howe,Bournemouth,4,2,35,37,4,3,16,17,Saturday 23 January 2016,9,5,7,10,0,0,1,Patrick van Aanholt (45+1),Sam Allardyce,Sunderland,1,2,0,0,0,0,Roger East,1-1,4,4,2015-2016,7,1,5,5,28,23,12,6,Stadium of Light,1,1
1,2,20611,1,Jamaal Lascelles (71),Steve McClaren,Newcastle,1,1,17,17,7,2,21,14,Saturday 23 January 2016,12,10,11,13,0,1,2,"Odion Ighalo (46),Craig Cathcart (58)",Enrique Sánchez Flores,Watford,1,1,0,0,0,0,Andre Marriner,2-1,3,1,2015-2016,8,7,2,5,19,26,10,12,Vicarage Road,1,2
0,0,26165,0,,Rémi Garde,Aston Villa,1,4,33,34,6,2,23,25,Saturday 23 January 2016,13,7,8,14,0,0,0,,Tony Pulis,West Brom,1,1,0,0,0,0,Robert Madley,0-0,0,4,2015-2016,7,3,4,0,22,23,11,3,The Hawthorns,1,0
3,3,27108,5,"Roberto Firmino (18, 63),Jordan Henderson (55),James Milner (75),Adam Lallana (90+5)",Jürgen Klopp,Liverpool,1,4,31,32,3,3,11,14,Saturday 23 January 2016,14,10,11,17,2,0,4,"Dieumerci Mbokani (29),Steven Naismith (41),Wes Hoolahan (54 Pen),Sebastien Bassong (90+2)",Alex Neil,Norwich,4,1,0,1,0,0,Lee Mason,4-5,1,2,2015-2016,2,0,7,5,27,32,9,5,Carrow Road,1,0
0,1,20430,0,,Enrique Sánchez Flores,Watford,4,3,30,57,3,6,20,25,Monday 18 January 2016,11,8,12,11,1,2,1,Ashley Williams (27),Alan Curtis,Swansea,0,5,0,0,0,0,Michael Oliver,1-0,1,2,2015-2016,8,4,2,2,31,25,10,6,Liberty Stadium,2,2
0,0,27683,0,,Arsène Wenger,Arsenal,5,3,34,18,6,6,11,13,Sunday 17 January 2016,10,16,25,10,0,0,0,,Mark Hughes,Stoke,0,9,0,0,0,0,Craig Pawson,0-0,5,3,2015-2016,1,3,3,6,19,27,4,9,Britannia Stadium,0,0
0,0,43865,1,Wayne Rooney (78),Louis van Gaal,Man Utd,4,1,33,11,4,5,10,16,Sunday 17 January 2016,18,6,9,18,4,0,0,,Jürgen Klopp,Liverpool,0,3,0,0,0,0,Mark Clattenburg,0-1,4,0,2015-2016,5,10,1,4,27,21,6,14,Anfield,2,0
0,0,32763,1,Shinji Okazaki (28),Claudio Ranieri,Leicester,4,1,33,17,4,3,9,27,Saturday 16 January 2016,15,13,12,18,1,3,1,Rudy Gestede (75),Rémi Garde,Aston Villa,4,1,1,0,0,0,Roger East,1-1,4,4,2015-2016,5,5,5,5,23,30,10,10,Villa Park,2,3
0,2,11065,0,,Alex Neil,Norwich,2,4,21,26,3,5,22,12,Saturday 16 January 2016,13,8,8,15,0,0,3,"Dan Gosling (10),Charlie Daniels (54 Pen),Benik Afobe (75)",Eddie Howe,Bournemouth,4,1,0,1,0,0,Robert Madley,3-0,3,3,2015-2016,3,6,3,7,26,28,6,13,Vitality Stadium,1,1
2,3,41633,3,"John Terry (50 OG),Kevin Mirallas (56),Ramiro Funes Mori (90)",Roberto Martinez,Everton,4,2,34,15,4,6,8,25,Saturday 16 January 2016,5,12,15,6,1,0,3,"Diego Costa (64),Cesc Fàbregas (66),John Terry (90+8)",Guus Hiddink,Chelsea,1,3,0,0,0,0,Mike Jones,3-3,4,2,2015-2016,3,3,4,8,15,12,7,11,Stamford Bridge,1,1
0,4,53983,0,,Alan Pardew,Crystal Palace,7,1,10,34,6,5,19,8,Saturday 16 January 2016,11,10,8,11,0,1,4,"Fabian Delph (22),Sergio Agüero (41, 68),David Silva (84)",Manuel Pellegrini,Man City,1,0,0,0,0,0,Jonathan Moss,4-0,0,3,2015-2016,5,6,3,4,27,15,8,10,Etihad Stadium,2,0
0,2,50031,1,Nikica Jelavic (49),Slaven Bilic,West Ham,5,2,17,21,3,3,16,12,Saturday 16 January 2016,4,9,11,5,0,1,2,"Ayoze Pérez (6),Georginio Wijnaldum (15)",Steve McClaren,Newcastle,1,2,0,0,0,0,Neil Swarbrick,2-1,9,2,2015-2016,5,8,3,10,25,27,8,18,St. James' Park,0,1
0,1,29622,0,,Tony Pulis,West Brom,2,3,21,34,3,1,23,17,Saturday 16 January 2016,11,10,12,13,1,1,3,"James Ward-Prowse (5, 35 Pen),Dusan Tadic (72)",Ronald Koeman,Southampton,4,2,0,1,0,0,Martin Atkinson,3-0,1,0,2015-2016,7,2,0,5,22,21,7,7,St. Mary's Stadium,0,0
1,1,35854,1,Patrick van Aanholt (40),Sam Allardyce,Sunderland,6,1,33,19,3,11,6,18,Saturday 16 January 2016,13,8,8,15,1,0,4,"Christian Eriksen (42, 67),Mousa Dembélé (59),Harry Kane (79 Pen)",Mauricio Pochettino,Spurs,3,1,0,1,0,0,Mike Dean,4-1,7,1,2015-2016,2,9,2,11,22,24,4,20,White Hart Lane,2,0
2,2,44109,3,"Aaron Ramsey (14),Olivier Giroud (25, 55)",Arsène Wenger,Arsenal,10,4,40,20,3,9,3,22,Wednesday 13 January 2016,7,9,12,11,0,1,3,"Roberto Firmino (10, 19),Joe Allen (90)",Jürgen Klopp,Liverpool,5,4,0,0,0,0,Mike Jones,3-3,3,1,2015-2016,5,6,5,6,10,32,10,12,Anfield,0,2
1,0,35850,1,Robert Huth (83),Claudio Ranieri,Leicester,11,5,51,37,8,16,12,30,Wednesday 13 January 2016,10,13,15,11,0,1,0,,Mauricio Pochettino,Spurs,2,2,0,0,0,0,Lee Mason,0-1,5,1,2015-2016,3,5,2,5,18,34,5,10,White Hart Lane,0,1
1,1,40945,2,"Craig Gardner (33),James McClean (86)",Tony Pulis,West Brom,4,2,18,34,7,7,25,10,Wednesday 13 January 2016,8,13,14,7,0,0,2,"César Azpilicueta (20),Gareth McAuley (73 OG)",Guus Hiddink,Chelsea,1,1,0,0,0,0,Anthony Taylor,2-2,1,4,2015-2016,6,8,6,2,17,21,12,10,Stamford Bridge,3,3
0,0,53796,0,,Roberto Martinez,Everton,10,2,35,15,5,12,8,38,Wednesday 13 January 2016,6,5,7,10,1,0,0,,Manuel Pellegrini,Man City,4,3,0,0,0,0,Roger East,0-0,5,2,2015-2016,3,7,2,5,7,17,5,12,Etihad Stadium,1,0
0,2,28399,0,,Enrique Sánchez Flores,Watford,1,3,29,31,1,8,14,28,Wednesday 13 January 2016,11,9,13,13,1,0,2,"Shane Long (17),Dusan Tadic (73)",Ronald Koeman,Southampton,3,4,0,0,0,0,Craig Pawson,2-0,4,1,2015-2016,0,7,1,7,20,16,1,14,St. Mary's Stadium,2,1
1,2,27274,1,Jonny Howson (55),Alex Neil,Norwich,3,0,29,13,3,7,9,23,Wednesday 13 January 2016,8,5,7,9,0,1,3,"Jonathan Walters (49),Joselu (67),Ryan Bennett (78 OG)",Mark Hughes,Stoke,1,2,0,0,1,0,Neil Swarbrick,3-1,2,1,2015-2016,3,7,3,4,25,16,6,11,Britannia Stadium,1,0
2,1,20140,4,"Jermain Defoe (3, 61, 85),Federico Fernández (49 OG)",Sam Allardyce,Sunderland,2,0,33,10,6,8,14,12,Wednesday 13 January 2016,12,9,11,13,0,0,2,"Gylfi Sigurdsson (21 Pen),André Ayew (40)",Alan Curtis,Swansea,2,2,0,1,0,1,Graham Scott,2-4,3,1,2015-2016,3,3,4,6,13,21,7,9,Liberty Stadium,2,0
0,0,28245,0,,Alan Pardew,Crystal Palace,7,1,18,26,0,9,7,18,Tuesday 12 January 2016,9,15,15,14,1,0,1,Wayne Hennessey (58 OG),Rémi Garde,Aston Villa,5,2,0,0,0,0,Mark Clattenburg,1-0,3,1,2015-2016,7,3,2,3,35,26,9,6,Villa Park,1,2
1,1,11071,3,"Dimitri Payet (67),Enner Valencia (74, 84)",Slaven Bilic,West Ham,4,1,20,25,7,4,12,7,Tuesday 12 January 2016,5,8,6,9,0,0,1,Harry Arter (17),Eddie Howe,Bournemouth,4,0,0,0,0,0,Martin Atkinson,1-3,3,3,2015-2016,4,3,5,4,35,31,9,7,Vitality Stadium,1,1
1,1,49673,3,"Wayne Rooney (9 Pen, 79),Jesse Lingard (38)",Louis van Gaal,Man Utd,3,2,27,14,3,5,13,15,Tuesday 12 January 2016,12,10,12,12,0,1,3,"Georginio Wijnaldum (42),Aleksandar Mitrovic (67 Pen),Paul Dummett (90)",Steve McClaren,Newcastle,1,3,1,1,0,0,Mike Dean,3-3,3,1,2015-2016,5,4,4,6,23,22,9,10,St. James' Park,3,1
1,1,38482,1,Dele Alli (45+1),Mauricio Pochettino,Spurs,5,11,25,33,4,4,13,11,Sunday 3 January 2016,11,8,10,12,0,1,1,Aaron Lennon (22),Roberto Martinez,Everton,1,3,0,0,0,0,Michael Oliver,1-1,2,3,2015-2016,4,4,4,3,23,16,8,7,Goodison Park,2,1
2,0,24854,3,"Oscar (29),Willian (60),Diego Costa (66)",Guus Hiddink,Chelsea,2,4,21,19,7,5,7,23,Sunday 3 January 2016,15,12,12,15,1,0,0,,Alan Pardew,Crystal Palace,0,0,0,0,0,0,Kevin Friend,0-3,4,1,2015-2016,2,2,4,4,21,25,6,6,Selhurst Park,0,3
2,0,20676,2,"Yaya Touré (82),Sergio Agüero (84)",Manuel Pellegrini,Man City,1,3,40,19,5,3,13,14,Saturday 2 January 2016,10,6,6,10,1,0,1,Ben Watson (55),Enrique Sánchez Flores,Watford,1,0,0,0,0,0,Martin Atkinson,1-2,4,3,2015-2016,7,6,5,4,30,37,12,10,Vicarage Road,0,1
0,1,59257,0,,Steve McClaren,Newcastle,2,4,16,13,4,7,22,18,Saturday 2 January 2016,9,10,12,9,1,0,1,Laurent Koscielny (72),Arsène Wenger,Arsenal,0,2,0,0,0,0,Anthony Taylor,1-0,2,6,2015-2016,5,10,6,3,15,22,11,13,Emirates Stadium,2,2
0,0,32006,0,,Eddie Howe,Bournemouth,2,5,45,8,1,7,12,23,Saturday 2 January 2016,5,9,9,6,0,1,0,,Claudio Ranieri,Leicester,2,0,0,1,1,0,Andre Marriner,0-0,2,0,2015-2016,4,12,0,2,22,30,4,14,King Power Stadium,1,1
1,2,75415,1,Gylfi Sigurdsson (70),Alan Curtis,Swansea,8,2,26,7,2,4,8,17,Saturday 2 January 2016,10,14,15,9,0,1,2,"Anthony Martial (47),Wayne Rooney (77)",Louis van Gaal,Man Utd,1,1,0,0,0,0,Jonathan Moss,2-1,4,3,2015-2016,3,5,4,6,20,24,7,11,Old Trafford,1,2
0,1,27022,0,,Ronald Koeman,Southampton,2,1,23,47,9,4,19,10,Saturday 2 January 2016,7,9,11,7,0,1,1,Alexander Tettey (76),Alex Neil,Norwich,2,2,0,0,1,0,Mark Clattenburg,1-0,0,4,2015-2016,5,7,4,1,20,21,9,8,Carrow Road,0,1
1,2,41535,1,Carles Gil (63),Rémi Garde,Aston Villa,3,0,22,33,3,3,18,19,Saturday 2 January 2016,13,8,10,14,0,1,3,"Micah Richards (30 OG),Jermain Defoe (72, 90+2)",Sam Allardyce,Sunderland,2,2,0,0,0,0,Craig Pawson,3-1,3,2,2015-2016,5,5,4,5,25,27,9,10,Stadium of Light,4,3
1,1,23218,1,Jonathan Walters (81),Mark Hughes,Stoke,6,5,21,16,6,4,15,19,Saturday 2 January 2016,15,7,8,16,2,0,2,"Stéphane Sessegnon (60),Jonny Evans (90+2)",Tony Pulis,West Brom,1,1,0,0,1,0,Lee Mason,2-1,3,2,2015-2016,2,6,3,5,22,24,5,11,The Hawthorns,1,1
0,2,34977,0,,Jürgen Klopp,Liverpool,3,11,19,54,9,3,24,10,Saturday 2 January 2016,8,11,11,11,0,1,2,"Michail Antonio (10),Andy Carroll (55)",Slaven Bilic,West Ham,3,1,0,0,0,0,Robert Madley,2-0,8,1,2015-2016,9,5,2,10,29,21,11,15,Boleyn Ground,1,1
1,0,45765,1,Christian Benteke (46),Jürgen Klopp,Liverpool,2,4,29,46,4,6,8,13,Wednesday 30 December 2015,16,8,8,15,2,0,0,,Sam Allardyce,Sunderland,0,1,0,0,0,0,Kevin Friend,0-1,3,5,2015-2016,7,3,6,3,32,37,13,6,Stadium of Light,3,1
0,0,32072,0,,Manuel Pellegrini,Man City,0,7,35,36,13,1,26,16,Tuesday 29 December 2015,8,11,12,8,0,0,0,,Claudio Ranieri,Leicester,1,2,0,0,0,0,Craig Pawson,0-0,4,5,2015-2016,9,7,5,4,27,28,14,11,King Power Stadium,3,1
0,2,59983,0,,Eddie Howe,Bournemouth,2,4,27,11,3,9,9,20,Monday 28 December 2015,8,7,8,9,0,0,2,"Gabriel Paulista (27),Mesut Özil (63)",Arsène Wenger,Arsenal,1,1,0,0,0,0,Roger East,2-0,4,3,2015-2016,3,4,3,6,18,14,6,10,Emirates Stadium,0,2
0,0,75275,0,,Guus Hiddink,Chelsea,5,0,29,10,3,5,7,25,Monday 28 December 2015,6,16,18,6,0,0,0,,Louis van Gaal,Man Utd,0,2,0,0,0,0,Martin Atkinson,0-0,2,3,2015-2016,5,5,3,2,19,18,8,7,Old Trafford,2,4
0,0,34977,1,Carl Jenkinson (13 OG),Ronald Koeman,Southampton,1,3,27,41,7,4,28,15,Monday 28 December 2015,12,6,6,14,0,1,2,"Michail Antonio (69),Andy Carroll (79)",Slaven Bilic,West Ham,2,1,0,0,0,0,Michael Oliver,2-1,2,3,2015-2016,8,7,3,6,33,24,11,13,Boleyn Ground,3,1
0,0,23714,0,,Alan Curtis,Swansea,2,2,39,14,4,7,10,33,Monday 28 December 2015,16,11,14,16,1,0,0,,Alan Pardew,Crystal Palace,1,4,0,0,0,0,Neil Swarbrick,0-0,2,3,2015-2016,0,6,3,2,24,32,3,8,Selhurst Park,2,3
2,3,39340,4,"Xherdan Shaqiri (16, 45),Joselu (80),Marko Arnautovic (90+1 Pen)",Mark Hughes,Stoke,6,2,31,17,2,6,7,17,Monday 28 December 2015,12,10,10,17,2,0,3,"Romelu Lukaku (22, 64),Gerard Deulofeu (71)",Roberto Martinez,Everton,5,2,1,0,0,0,Mark Clattenburg,3-4,0,1,2015-2016,1,6,5,3,15,20,6,9,Goodison Park,1,2
0,1,27071,0,,Rémi Garde,Aston Villa,1,1,30,23,7,3,18,14,Monday 28 December 2015,21,10,11,19,2,0,2,"Jonny Howson (24),Dieumerci Mbokani (87)",Alex Neil,Norwich,0,2,0,0,0,0,Graham Scott,2-0,2,3,2015-2016,2,4,3,4,25,10,5,8,Carrow Road,5,2
2,1,20730,2,"Erik Lamela (17),Son Heung-Min (89)",Mauricio Pochettino,Spurs,4,0,30,22,3,5,19,10,Monday 28 December 2015,13,11,13,14,0,0,1,Odion Ighalo (41),Enrique Sánchez Flores,Watford,1,2,0,0,0,1,Anthony Taylor,1-2,1,1,2015-2016,7,4,3,1,35,25,10,5,Vicarage Road,2,4
0,1,26313,0,,Steve McClaren,Newcastle,10,2,47,16,6,18,19,26,Monday 28 December 2015,13,7,9,13,1,0,1,Darren Fletcher (78),Tony Pulis,West Brom,1,2,0,0,0,0,Mike Jones,1-0,3,2,2015-2016,3,5,2,5,15,25,5,10,The Hawthorns,0,0
0,3,31669,0,,Arsène Wenger,Arsenal,4,0,20,22,4,3,18,8,Saturday 26 December 2015,9,10,16,8,0,0,4,"Cuco Martina (19),Shane Long (55, 90+2),Jose Fonte (69)",Ronald Koeman,Southampton,1,6,0,0,0,0,Jonathan Moss,4-0,1,5,2015-2016,3,5,5,5,25,21,8,10,St. Mary's Stadium,0,1
0,0,51682,1,Tom Cleverley (90+3),Roberto Martinez,Everton,3,8,16,28,7,3,25,16,Saturday 26 December 2015,12,16,14,15,0,0,0,,Steve McClaren,Newcastle,3,0,0,0,0,0,Lee Mason,0-1,1,6,2015-2016,5,6,7,1,11,15,12,7,St. James' Park,2,2
1,0,38193,1,Aaron Cresswell (45+2),Slaven Bilic,West Ham,2,2,48,29,6,9,10,35,Saturday 26 December 2015,13,14,16,13,1,2,1,Jordan Ayew (62 Pen),Rémi Garde,Aston Villa,1,3,0,1,0,0,Mike Dean,1-1,6,3,2015-2016,4,5,4,8,23,28,8,13,Villa Park,3,3
0,0,11218,0,,Alan Pardew,Crystal Palace,2,3,28,37,9,8,18,12,Saturday 26 December 2015,13,10,12,13,0,0,0,,Eddie Howe,Bournemouth,1,2,0,0,0,0,Michael Oliver,0-0,4,0,2015-2016,4,4,1,4,22,24,5,8,Vitality Stadium,0,1
0,2,41630,2,"Troy Deeney (42 Pen),Gary Cahill (56 OG)",Enrique Sánchez Flores,Watford,6,5,22,12,4,9,10,19,Saturday 26 December 2015,15,7,7,13,2,1,2,"Diego Costa (32, 65)",Guus Hiddink,Chelsea,1,2,1,1,0,0,Andre Marriner,2-2,0,1,2015-2016,5,8,2,3,16,26,7,11,Stamford Bridge,4,1
0,1,44123,0,,Claudio Ranieri,Leicester,9,1,47,50,6,7,11,21,Saturday 26 December 2015,8,11,14,9,1,0,1,Christian Benteke (63),Jürgen Klopp,Liverpool,1,5,0,0,0,0,Martin Atkinson,1-0,3,3,2015-2016,3,12,3,5,34,35,6,17,Anfield,1,2
0,3,54523,1,Fabio Borini (59),Sam Allardyce,Sunderland,3,0,24,20,1,5,13,12,Saturday 26 December 2015,11,10,13,11,0,0,4,"Raheem Sterling (12),Yaya Touré (17),Wilfried Bony (22),Kevin De Bruyne (54)",Manuel Pellegrini,Man City,1,3,0,1,0,0,Anthony Taylor,4-1,5,2,2015-2016,8,6,3,9,9,22,11,15,Etihad Stadium,1,1
0,0,20789,0,,Tony Pulis,West Brom,2,3,10,28,7,0,26,5,Saturday 26 December 2015,13,10,10,15,0,0,1,Ki Sung-yueng (9),Alan Curtis,Swansea,2,1,0,0,0,0,Roger East,1-0,1,3,2015-2016,3,3,3,2,36,19,6,5,Liberty Stadium,3,1
0,2,35198,0,,Alex Neil,Norwich,2,1,31,19,4,9,13,10,Saturday 26 December 2015,13,4,7,20,0,0,3,"Harry Kane (26 Pen, 42),Tom Carroll (80)",Mauricio Pochettino,Spurs,8,3,0,1,0,0,Mike Jones,3-0,7,3,2015-2016,7,3,3,10,36,25,10,13,White Hart Lane,2,1
0,1,27426,0,,Louis van Gaal,Man Utd,1,2,10,27,12,1,18,6,Saturday 26 December 2015,16,13,15,13,4,2,2,"Bojan (19),Marko Arnautovic (26)",Mark Hughes,Stoke,1,3,0,0,0,0,Kevin Friend,2-0,1,6,2015-2016,3,8,6,3,27,21,9,11,Britannia Stadium,2,1
1,2,60053,1,Yaya Touré (82),Manuel Pellegrini,Man City,0,6,27,29,8,4,23,13,Monday 21 December 2015,16,5,7,17,1,0,2,"Theo Walcott (33),Olivier Giroud (45+1)",Arsène Wenger,Arsenal,1,3,0,0,0,0,Andre Marriner,2-1,3,5,2015-2016,8,3,6,5,18,18,14,8,Emirates Stadium,2,0
0,0,20661,0,,Slaven Bilic,West Ham,11,3,41,21,9,8,12,19,Sunday 20 December 2015,9,6,10,11,0,0,0,,Alan Curtis,Swansea,2,4,0,0,0,0,Lee Mason,0-0,2,3,2015-2016,6,9,2,2,16,36,8,11,Liberty Stadium,1,0
0,1,20707,0,,Jürgen Klopp,Liverpool,1,4,30,23,9,7,16,10,Sunday 20 December 2015,9,6,7,19,0,0,3,"Nathan Aké (3),Odion Ighalo (15, 85)",Enrique Sánchez Flores,Watford,10,1,0,0,0,0,Mark Clattenburg,3-0,2,4,2015-2016,4,0,4,5,27,30,8,5,Vicarage Road,0,1
1,1,48234,1,Jordan Ayew (61),Rémi Garde,Aston Villa,0,0,17,32,7,3,26,22,Saturday 19 December 2015,14,9,8,14,0,0,1,Fabricio Coloccini (38),Steve McClaren,Newcastle,0,0,0,0,0,0,Martin Atkinson,1-1,3,6,2015-2016,3,4,7,4,28,29,10,8,St. James' Park,3,1
0,1,41562,1,Fabio Borini (52),Sam Allardyce,Sunderland,4,2,32,20,2,2,4,15,Saturday 19 December 2015,12,12,11,12,0,0,3,"Branislav Ivanovic (5),Pedro (13),Oscar (50 Pen)",Eddie Newton,Chelsea,3,0,0,1,0,0,Roger East,3-1,4,2,2015-2016,6,6,3,7,22,26,9,13,Stamford Bridge,3,1
1,1,39570,3,"Riyad Mahrez (27 Pen, 65 Pen),Shinji Okazaki (69)",Claudio Ranieri,Leicester,3,0,33,21,2,10,5,24,Saturday 19 December 2015,14,6,6,15,1,0,2,"Romelu Lukaku (32),Kevin Mirallas (89)",Roberto Martinez,Everton,2,2,2,0,0,0,Jonathan Moss,2-3,2,2,2015-2016,5,5,5,5,24,27,10,10,Goodison Park,1,2
2,1,75320,2,"Cameron Jerome (38),Alexander Tettey (54)",Alex Neil,Norwich,3,0,68,6,0,11,8,42,Saturday 19 December 2015,10,4,6,10,0,0,1,Anthony Martial (66),Louis van Gaal,Man Utd,1,2,0,0,0,0,Michael Oliver,1-2,1,2,2015-2016,2,6,4,2,19,33,6,8,Old Trafford,2,0
2,0,31636,2,"Harry Kane (40),Dele Alli (43)",Mauricio Pochettino,Spurs,5,3,23,14,7,4,11,23,Saturday 19 December 2015,9,18,21,11,0,1,0,,Ronald Koeman,Southampton,2,5,0,0,0,0,Kevin Friend,0-2,4,3,2015-2016,4,2,5,4,30,29,9,6,St. Mary's Stadium,1,1
0,0,27500,2,"Connor Wickham (45+1 Pen),Lee Chung-yong (88)",Alan Pardew,Crystal Palace,11,2,26,17,3,7,11,26,Saturday 19 December 2015,12,6,5,10,1,0,1,Bojan (76 Pen),Mark Hughes,Stoke,1,0,1,1,0,0,Robert Madley,1-2,4,1,2015-2016,7,10,3,5,26,27,10,15,Britannia Stadium,0,2
1,1,26127,2,"Adam Smith (52),Charlie Daniels (87 Pen)",Eddie Howe,Bournemouth,3,4,33,18,8,4,13,16,Saturday 19 December 2015,9,12,11,12,0,0,1,Gareth McAuley (79),Tony Pulis,West Brom,3,0,1,0,0,2,Mike Dean,1-2,1,4,2015-2016,5,2,6,2,25,25,11,4,The Hawthorns,1,2
1,2,32054,1,Loïc Remy (77),José Mourinho,Chelsea,1,4,32,33,8,1,24,15,Monday 14 December 2015,8,16,15,10,0,2,2,"Jamie Vardy (34),Riyad Mahrez (48)",Claudio Ranieri,Leicester,2,0,0,0,0,0,Mark Clattenburg,2-1,3,2,2015-2016,3,3,4,5,41,26,7,8,King Power Stadium,0,2
2,2,44147,2,"Craig Dawson (30),Jonas Olsson (73)",Tony Pulis,West Brom,9,0,41,8,4,4,9,28,Sunday 13 December 2015,10,7,7,11,1,0,2,"Jordan Henderson (21),Divock Origi (90+6)",Jürgen Klopp,Liverpool,1,1,0,0,0,0,Craig Pawson,2-2,6,0,2015-2016,2,11,2,8,16,21,4,19,Anfield,0,0
1,1,35768,2,"Aleksandar Mitrovic (74),Ayoze Pérez (90+3)",Steve McClaren,Newcastle,5,1,25,28,2,6,16,9,Sunday 13 December 2015,14,13,15,16,1,2,1,Eric Dier (39),Mauricio Pochettino,Spurs,4,2,0,0,0,0,Roger East,1-2,7,2,2015-2016,2,7,4,8,30,40,6,15,White Hart Lane,2,2
1,0,33285,2,"Olivier Giroud (8 Pen),Aaron Ramsey (38)",Arsène Wenger,Arsenal,4,1,20,17,5,5,9,19,Sunday 13 December 2015,7,8,9,11,0,0,0,,Rémi Garde,Aston Villa,5,2,1,0,0,0,Kevin Friend,0-2,2,2,2015-2016,3,12,4,2,18,15,7,14,Villa Park,0,0
0,1,11334,1,Marouane Fellaini (24),Louis van Gaal,Man Utd,0,3,17,39,7,4,19,14,Saturday 12 December 2015,12,12,13,13,0,1,2,"Junior Stanislas (2),Joshua King (54)",Eddie Howe,Bournemouth,2,1,0,0,0,0,Anthony Taylor,2-1,3,4,2015-2016,3,6,5,5,28,17,8,11,Vitality Stadium,1,2
0,1,24914,0,,Ronald Koeman,Southampton,4,4,47,40,5,8,16,18,Saturday 12 December 2015,13,11,14,11,1,0,1,Yohan Cabaye (38),Alan Pardew,Crystal Palace,0,3,0,0,0,0,Mike Dean,1-0,4,3,2015-2016,8,3,3,5,24,29,11,8,Selhurst Park,0,0
1,2,53052,1,Bafétimbi Gomis (90),Alan Curtis,Swansea,3,3,16,24,5,5,9,9,Saturday 12 December 2015,15,13,15,19,2,0,2,"Wilfried Bony (26),Kelechi Iheanacho (90+2)",Manuel Pellegrini,Man City,6,3,0,0,0,0,Robert Madley,2-1,3,6,2015-2016,3,4,7,5,22,15,10,9,Etihad Stadium,1,3
1,0,43989,1,Odion Ighalo (4),Enrique Sánchez Flores,Watford,1,3,28,28,3,8,9,29,Saturday 12 December 2015,9,6,9,11,0,0,0,,Sam Allardyce,Sunderland,2,3,0,0,0,0,Graham Scott,0-1,3,6,2015-2016,2,11,8,2,20,21,10,13,Stadium of Light,0,1
0,0,34857,0,,Mark Hughes,Stoke,8,5,23,35,7,11,14,23,Saturday 12 December 2015,9,7,7,7,0,0,0,,Slaven Bilic,West Ham,0,1,0,0,0,0,Andre Marriner,0-0,9,3,2015-2016,4,6,3,10,22,24,7,16,Boleyn Ground,2,1
1,0,27027,1,Romelu Lukaku (15),Roberto Martinez,Everton,2,2,23,35,4,5,13,14,Saturday 12 December 2015,6,9,10,7,0,0,1,Wes Hoolahan (47),Alex Neil,Norwich,1,1,0,0,0,0,Martin Atkinson,1-1,0,2,2015-2016,10,5,3,2,26,17,13,7,Carrow Road,0,1
1,1,35736,1,Scott Dann (76),Alan Pardew,Crystal Palace,7,1,40,24,6,13,16,28,Monday 7 December 2015,11,4,4,14,0,0,1,Romelu Lukaku (81),Roberto Martinez,Everton,3,0,0,0,0,0,Craig Pawson,1-1,3,4,2015-2016,8,8,5,4,18,18,13,12,Goodison Park,2,1
0,1,51273,0,,Jürgen Klopp,Liverpool,1,2,11,22,7,2,20,5,Sunday 6 December 2015,10,6,7,11,0,0,2,"Martin Skrtel (69 OG),Georginio Wijnaldum (90+3)",Steve McClaren,Newcastle,2,1,0,0,0,0,Andre Marriner,2-0,0,1,2015-2016,7,4,2,1,33,22,9,5,St. James' Park,1,3
0,0,41631,1,Glenn Murray (82),Eddie Howe,Bournemouth,4,6,36,20,4,11,8,33,Saturday 5 December 2015,13,10,12,13,0,0,0,,José Mourinho,Chelsea,1,2,0,0,0,0,Mike Jones,0-1,7,4,2015-2016,4,9,5,6,22,24,9,15,Stamford Bridge,1,2
0,2,59937,1,Olivier Giroud (45 OG),Sam Allardyce,Sunderland,5,1,34,20,2,3,16,12,Saturday 5 December 2015,11,7,8,12,0,1,3,"Joel Campbell (33),Olivier Giroud (63),Aaron Ramsey (90+3)",Arsène Wenger,Arsenal,1,1,0,0,0,0,Robert Madley,3-1,3,5,2015-2016,6,4,4,8,17,12,10,12,Emirates Stadium,1,1
0,0,75350,0,,Slaven Bilic,West Ham,9,2,34,11,2,6,11,29,Saturday 5 December 2015,13,10,12,14,0,0,0,,Louis van Gaal,Man Utd,1,2,0,0,0,0,Mark Clattenburg,0-0,1,2,2015-2016,5,11,2,1,18,30,7,12,Old Trafford,0,1
1,1,29645,1,Joleon Lescott (44),Rémi Garde,Aston Villa,6,3,34,9,4,10,6,35,Saturday 5 December 2015,9,4,7,8,1,0,1,Oriol Romeu (73),Ronald Koeman,Southampton,0,3,0,0,0,0,Anthony Taylor,1-1,3,1,2015-2016,4,12,2,5,23,26,6,17,St. Mary's Stadium,2,1
3,0,20836,3,"Riyad Mahrez (5, 22, 67)",Claudio Ranieri,Leicester,0,6,22,31,8,3,8,24,Saturday 5 December 2015,19,3,5,21,0,0,0,,Garry Monk,Swansea,2,2,0,0,0,0,Michael Oliver,0-3,2,2,2015-2016,5,8,5,2,23,23,10,10,Liberty Stadium,3,2
0,1,20422,0,,Alex Neil,Norwich,2,2,44,37,1,4,18,9,Saturday 5 December 2015,10,11,15,14,1,1,2,"Troy Deeney (30 Pen),Odion Ighalo (90+1)",Enrique Sánchez Flores,Watford,5,4,0,1,0,0,Mike Dean,2-0,5,1,2015-2016,4,4,1,7,31,38,5,11,Vicarage Road,3,3
1,1,23602,1,Dele Alli (15),Mauricio Pochettino,Spurs,4,4,23,15,6,3,11,22,Saturday 5 December 2015,10,13,15,8,0,0,1,James McClean (39),Tony Pulis,West Brom,1,2,0,0,0,0,Jonathan Moss,1-1,3,2,2015-2016,2,3,3,4,20,24,5,7,The Hawthorns,2,3
0,2,27264,0,,Manuel Pellegrini,Man City,0,1,7,18,6,1,15,8,Saturday 5 December 2015,10,9,12,10,1,0,2,"Marko Arnautovic (7, 15)",Mark Hughes,Stoke,0,3,0,0,0,0,Martin Atkinson,2-0,2,4,2015-2016,6,3,4,4,41,23,10,7,Britannia Stadium,1,0
0,0,43905,0,,Garry Monk,Swansea,5,4,24,27,7,8,21,15,Sunday 29 November 2015,6,12,12,5,1,0,1,James Milner (62 Pen),Jürgen Klopp,Liverpool,1,0,0,1,0,0,Anthony Taylor,1-0,1,0,2015-2016,5,3,0,2,23,33,5,5,Anfield,1,3
1,1,27091,1,Mesut Özil (30),Arsène Wenger,Arsenal,1,4,24,36,6,3,23,17,Sunday 29 November 2015,6,8,10,8,0,0,1,Lewis Grabban (43),Alex Neil,Norwich,2,3,0,0,0,0,Jonathan Moss,1-1,2,1,2015-2016,5,4,3,2,23,19,8,6,Carrow Road,1,1
0,0,34914,1,Winston Reid (50 OG),Tony Pulis,West Brom,3,0,25,24,2,5,19,15,Sunday 29 November 2015,16,15,14,15,0,0,1,Mauro Zárate (17),Slaven Bilic,West Ham,2,0,0,0,0,0,Martin Atkinson,1-1,5,3,2015-2016,4,8,3,7,27,22,7,15,Boleyn Ground,2,0
0,0,35639,0,,José Mourinho,Chelsea,3,1,21,41,4,4,11,13,Sunday 29 November 2015,9,14,14,13,0,0,0,,Mauricio Pochettino,Spurs,4,2,0,0,0,0,Michael Oliver,0-0,4,1,2015-2016,3,2,1,4,30,38,4,6,White Hart Lane,2,4
1,1,32115,1,Bastian Schweinsteiger (45+1),Louis van Gaal,Man Utd,2,4,23,26,8,1,22,12,Saturday 28 November 2015,7,5,8,8,0,0,1,Jamie Vardy (24),Claudio Ranieri,Leicester,1,3,0,0,0,0,Craig Pawson,1-1,2,1,2015-2016,4,2,2,3,31,31,6,5,King Power Stadium,1,0
0,2,35057,3,"Odion Ighalo (17),Alan Hutton (69 OG),Troy Deeney (85)",Enrique Sánchez Flores,Watford,2,6,35,30,10,10,13,21,Saturday 28 November 2015,13,6,9,13,0,0,2,"Micah Richards (41),Jordan Ayew (89)",Rémi Garde,Aston Villa,0,3,0,0,0,0,Lee Mason,2-3,4,4,2015-2016,2,4,6,7,23,29,8,11,Villa Park,3,2
3,2,11228,3,"Ramiro Funes Mori (25),Romelu Lukaku (36),Ross Barkley (90+5)",Roberto Martinez,Everton,4,4,27,21,5,10,9,23,Saturday 28 November 2015,6,6,8,6,0,0,3,"Adam Smith (80),Junior Stanislas (87, 90+8)",Eddie Howe,Bournemouth,0,2,0,0,0,0,Kevin Friend,3-3,6,3,2015-2016,1,5,6,10,16,34,7,15,Vitality Stadium,0,2
1,3,24833,1,Papiss Demba Cissé (10),Steve McClaren,Newcastle,5,4,21,17,5,7,15,25,Saturday 28 November 2015,13,7,10,14,0,1,5,"James McArthur (14, 90+3),Yannick Bolasie (17, 47),Wilfried Zaha (41)",Alan Pardew,Crystal Palace,1,3,0,0,0,0,Stuart Attwell,5-1,3,1,2015-2016,1,6,2,8,19,25,3,14,Selhurst Park,1,1
1,3,54102,1,Shane Long (49),Ronald Koeman,Southampton,6,2,18,30,4,6,7,11,Saturday 28 November 2015,11,14,14,13,1,1,3,"Kevin De Bruyne (9),Fabian Delph (20),Aleksandar Kolarov (69)",Manuel Pellegrini,Man City,6,2,0,0,0,0,Roger East,3-1,5,7,2015-2016,2,1,8,9,28,23,10,10,Etihad Stadium,1,2
0,1,41516,0,,Mark Hughes,Stoke,6,1,23,14,5,9,11,13,Saturday 28 November 2015,10,4,3,11,1,0,2,"Patrick van Aanholt (82),Duncan Watmore (84)",Sam Allardyce,Sunderland,3,0,0,0,1,0,Mike Dean,2-0,3,4,2015-2016,3,7,3,5,20,12,6,12,Stadium of Light,2,0
1,0,24361,1,Jermain Defoe (80),Sam Allardyce,Sunderland,4,2,66,22,2,11,5,37,Monday 23 November 2015,11,18,18,13,0,1,0,,Alan Pardew,Crystal Palace,3,1,0,0,0,0,Martin Atkinson,0-1,7,2,2015-2016,6,8,4,7,21,24,10,15,Selhurst Park,3,1
1,4,35968,1,Manuel Lanzini (87),Slaven Bilic,West Ham,5,3,26,29,6,7,17,14,Sunday 22 November 2015,9,13,16,11,0,0,4,"Harry Kane (23, 50),Toby Alderweireld (33),Kyle Walker (83)",Mauricio Pochettino,Spurs,3,3,0,0,0,0,Anthony Taylor,4-1,8,3,2015-2016,3,5,4,12,32,25,7,17,White Hart Lane,2,2
2,1,54444,4,"Eliaquim Mangala (7 OG),Philippe Coutinho (23),Roberto Firmino (32),Martin Skrtel (81)",Jürgen Klopp,Liverpool,3,3,28,26,5,11,4,22,Saturday 21 November 2015,13,5,6,17,0,0,1,Sergio Agüero (44),Manuel Pellegrini,Man City,5,1,0,0,0,0,Jonathan Moss,1-4,2,6,2015-2016,2,5,9,4,17,39,11,9,Etihad Stadium,3,0
0,1,41582,0,,Alex Neil,Norwich,5,1,34,20,5,6,10,24,Saturday 21 November 2015,12,4,10,14,0,0,1,Diego Costa (64),José Mourinho,Chelsea,3,6,0,0,0,0,Craig Pawson,1-0,6,2,2015-2016,1,9,2,7,22,23,3,16,Stamford Bridge,4,1
0,3,38424,0,,Rémi Garde,Aston Villa,2,4,15,13,3,2,6,10,Saturday 21 November 2015,9,6,7,12,0,0,4,"Ross Barkley (17, 42),Romelu Lukaku (28, 59)",Roberto Martinez,Everton,4,1,0,0,0,0,Michael Oliver,4-0,6,3,2015-2016,3,4,3,9,21,16,6,13,Goodison Park,0,0
2,0,50151,3,"Jamie Vardy (45+1),Leonardo Ulloa (62),Shinji Okazaki (83)",Claudio Ranieri,Leicester,4,5,16,19,9,4,19,14,Saturday 21 November 2015,12,9,9,12,1,1,0,,Steve McClaren,Newcastle,1,1,0,0,0,0,Mike Jones,0-3,0,4,2015-2016,5,4,7,1,29,28,12,5,St. James' Park,1,4
1,0,30039,1,Bojan (10),Mark Hughes,Stoke,1,1,38,8,3,7,9,34,Saturday 21 November 2015,8,8,8,10,0,1,0,,Ronald Koeman,Southampton,2,0,0,0,0,0,Lee Mason,0-1,1,2,2015-2016,11,13,4,1,18,26,15,14,St. Mary's Stadium,0,2
2,1,20878,2,"Joshua King (10),Dan Gosling (26)",Eddie Howe,Bournemouth,5,6,19,39,5,4,14,13,Saturday 21 November 2015,9,8,8,13,0,0,2,"André Ayew (28),Jonjo Shelvey (39 Pen)",Garry Monk,Swansea,5,0,0,1,0,0,Andre Marriner,2-2,2,2,2015-2016,6,2,4,4,27,25,10,6,Liberty Stadium,2,3
1,1,24343,1,Olivier Giroud (28),Arsène Wenger,Arsenal,1,1,17,28,5,3,18,13,Saturday 21 November 2015,10,14,17,9,2,1,2,"James Morrison (35),Mikel Arteta (40 OG)",Tony Pulis,West Brom,1,5,1,0,0,0,Mark Clattenburg,2-1,0,2,2015-2016,7,2,4,1,12,15,11,3,The Hawthorns,2,3
1,0,20702,2,"Memphis Depay (11),Troy Deeney (90 OG)",Louis van Gaal,Man Utd,3,2,19,32,10,4,17,11,Saturday 21 November 2015,12,6,7,16,0,0,1,Troy Deeney (87 Pen),Enrique Sánchez Flores,Watford,5,1,0,1,0,0,Robert Madley,1-2,4,5,2015-2016,5,2,6,6,30,33,11,8,Vicarage Road,2,1
1,1,60060,1,Harry Kane (32),Mauricio Pochettino,Spurs,1,3,35,20,6,7,13,16,Sunday 8 November 2015,17,12,13,20,1,0,1,Kieran Gibbs (77),Arsène Wenger,Arsenal,3,1,0,0,0,0,Martin Atkinson,1-1,3,3,2015-2016,7,5,4,4,24,32,11,9,Emirates Stadium,1,0
0,1,44115,2,"Yannick Bolasie (21),Scott Dann (82)",Alan Pardew,Crystal Palace,8,1,40,19,6,14,12,21,Sunday 8 November 2015,6,7,8,8,0,0,1,Philippe Coutinho (42),Jürgen Klopp,Liverpool,2,1,0,0,0,0,Neil Swarbrick,1-2,3,2,2015-2016,4,9,4,4,23,27,8,13,Anfield,2,1
0,0,36757,0,,Manuel Pellegrini,Man City,0,5,17,30,8,3,28,9,Sunday 8 November 2015,7,7,7,7,0,0,0,,Rémi Garde,Aston Villa,1,1,0,0,0,0,Craig Pawson,0-0,0,3,2015-2016,5,3,3,0,26,19,8,3,Villa Park,1,1
0,1,27550,0,,José Mourinho,Chelsea,1,7,12,21,9,1,12,12,Saturday 7 November 2015,10,13,15,11,0,1,1,Marko Arnautovic (53),Mark Hughes,Stoke,1,3,0,0,0,0,Anthony Taylor,1-0,1,4,2015-2016,8,5,4,2,23,28,12,7,Britannia Stadium,1,3
0,0,32029,1,Troy Deeney (75 Pen),Enrique Sánchez Flores,Watford,2,0,26,23,2,4,10,21,Saturday 7 November 2015,10,11,14,9,1,0,2,"N'Golo Kanté (52),Jamie Vardy (65 Pen)",Claudio Ranieri,Leicester,1,4,1,1,0,0,Roger East,2-1,5,3,2015-2016,4,4,4,6,30,15,8,10,King Power Stadium,1,0
0,0,75410,0,,Tony Pulis,West Brom,5,1,27,12,1,5,12,21,Saturday 7 November 2015,10,11,11,9,0,0,2,"Jesse Lingard (52),Juan Mata (90+1 Pen)",Louis van Gaal,Man Utd,0,1,0,1,1,0,Mike Dean,2-0,1,0,2015-2016,3,5,0,3,14,25,3,8,Old Trafford,3,1
0,1,27029,0,,Garry Monk,Swansea,0,1,15,13,2,5,14,13,Saturday 7 November 2015,7,12,15,9,0,1,1,Jonny Howson (70),Alex Neil,Norwich,2,3,0,0,0,0,Mark Clattenburg,1-0,4,0,2015-2016,7,4,0,5,19,13,7,9,Carrow Road,0,1
0,0,41781,1,Dusan Tadic (69 Pen),Ronald Koeman,Southampton,1,3,34,52,7,3,28,12,Saturday 7 November 2015,11,10,11,15,0,0,0,,Sam Allardyce,Sunderland,5,2,1,0,0,0,Mike Jones,0-1,3,3,2015-2016,5,5,5,3,28,19,10,8,Stadium of Light,3,1
1,0,34977,1,Romelu Lukaku (43),Roberto Martinez,Everton,3,3,24,16,5,3,13,21,Saturday 7 November 2015,12,11,11,12,0,3,1,Manuel Lanzini (30),Slaven Bilic,West Ham,1,2,0,0,0,0,Paul Tierney,1-1,4,3,2015-2016,6,8,4,5,13,18,10,13,Boleyn Ground,2,1
1,0,11155,1,Ayoze Pérez (27),Steve McClaren,Newcastle,7,0,36,6,0,16,3,30,Saturday 7 November 2015,11,9,13,14,0,0,0,,Eddie Howe,Bournemouth,3,4,0,0,0,0,Lee Mason,0-1,5,0,2015-2016,1,8,1,5,19,24,2,13,Vitality Stadium,2,2
0,2,34882,1,Jordan Ayew (79),Kevin MacDonald,Aston Villa,7,5,24,31,3,4,12,11,Monday 2 November 2015,15,6,9,14,2,2,3,"Mousa Dembélé (3),Dele Alli (45+1),Harry Kane (90+3)",Mauricio Pochettino,Spurs,1,3,0,0,0,0,Mike Dean,3-1,3,1,2015-2016,5,4,2,6,33,33,7,10,White Hart Lane,3,0
0,2,31229,0,,Eddie Howe,Bournemouth,5,5,21,28,6,4,13,16,Sunday 1 November 2015,5,5,4,6,0,0,2,"Steven Davis (31),Graziano Pellè (36)",Ronald Koeman,Southampton,1,1,0,0,0,1,Craig Pawson,2-0,0,2,2015-2016,9,4,2,2,33,18,11,6,St. Mary's Stadium,2,0
2,5,36617,2,"Jermain Defoe (45+4),Steven Fletcher (50)",Sam Allardyce,Sunderland,1,5,26,21,1,6,13,15,Sunday 1 November 2015,5,6,9,7,0,0,6,"Gerard Deulofeu (19),Arouna Koné (31, 62, 76),Sebastián Coates (55 OG),Romelu Lukaku (60)",Roberto Martinez,Everton,2,3,0,0,0,0,Andre Marriner,6-2,3,7,2015-2016,3,5,10,8,17,17,13,13,Goodison Park,2,3
0,0,24854,0,,Louis van Gaal,Man Utd,2,2,28,13,3,7,12,15,Saturday 31 October 2015,15,12,11,16,1,0,0,,Alan Pardew,Crystal Palace,1,0,0,0,0,0,Mike Jones,0-0,5,1,2015-2016,2,3,1,5,14,28,3,8,Selhurst Park,3,3
0,1,53418,1,Cameron Jerome (83),Alex Neil,Norwich,5,1,33,27,4,12,11,19,Saturday 31 October 2015,13,4,8,10,1,0,2,"Nicolás Otamendi (67),Yaya Touré (89 Pen)",Manuel Pellegrini,Man City,0,4,0,2,1,0,Robert Madley,2-1,3,2,2015-2016,1,10,3,5,12,21,4,15,Etihad Stadium,2,2
0,0,47139,0,,Mark Hughes,Stoke,4,1,18,10,4,11,15,19,Saturday 31 October 2015,16,6,10,20,1,0,0,,Steve McClaren,Newcastle,5,4,0,0,0,0,Roger East,0-0,6,2,2015-2016,6,5,2,6,17,16,8,11,St. James' Park,3,1
2,0,20937,3,"Olivier Giroud (49),Laurent Koscielny (68),Joel Campbell (73)",Arsène Wenger,Arsenal,3,1,19,10,4,4,16,17,Saturday 31 October 2015,7,12,16,7,0,0,0,,Garry Monk,Swansea,1,5,0,0,0,0,Kevin Friend,0-3,3,2,2015-2016,7,1,5,3,17,18,12,4,Liberty Stadium,0,2
0,0,20598,0,,Slaven Bilic,West Ham,9,0,39,25,2,7,15,16,Saturday 31 October 2015,12,16,19,15,1,2,2,"Odion Ighalo (39, 48)",Enrique Sánchez Flores,Watford,3,3,0,0,1,0,Keith Stroud,2-0,3,3,2015-2016,5,6,3,5,21,22,8,11,Vicarage Road,1,3
2,1,24150,3,"Riyad Mahrez (57, 64),Jamie Vardy (77)",Claudio Ranieri,Leicester,3,5,27,27,4,6,25,21,Saturday 31 October 2015,11,3,5,8,0,0,2,"Salomón Rondón (30),Rickie Lambert (84 Pen)",Tony Pulis,West Brom,1,2,0,1,0,0,Anthony Taylor,2-3,5,2,2015-2016,3,5,5,6,21,38,8,11,The Hawthorns,2,0
3,0,41577,3,"Philippe Coutinho (45+3, 74),Christian Benteke (83)",Jürgen Klopp,Liverpool,4,4,16,19,7,1,13,11,Saturday 31 October 2015,21,9,12,22,0,0,1,Ramires (4),José Mourinho,Chelsea,2,3,0,0,0,0,Mark Clattenburg,1-3,1,5,2015-2016,5,2,7,2,37,18,12,4,Stamford Bridge,4,1
1,1,44171,1,Sadio Mané (86),Ronald Koeman,Southampton,5,2,33,24,7,10,13,13,Sunday 25 October 2015,11,8,12,13,0,0,1,Christian Benteke (77),Jürgen Klopp,Liverpool,2,4,0,0,1,0,Andre Marriner,1-1,1,2,2015-2016,3,8,3,2,25,18,6,10,Anfield,0,1
1,1,11332,5,"Harry Kane (9 Pen, 56, 63),Mousa Dembélé (17),Erik Lamela (29)",Mauricio Pochettino,Spurs,2,3,24,20,5,4,11,16,Sunday 25 October 2015,15,8,10,20,1,0,1,Matt Ritchie (1),Eddie Howe,Bournemouth,5,3,1,0,0,0,Roger East,1-5,1,4,2015-2016,2,6,9,3,23,24,11,9,Vitality Stadium,1,0
0,0,75329,0,,Manuel Pellegrini,Man City,3,3,30,24,4,6,8,18,Sunday 25 October 2015,13,17,15,13,0,0,0,,Louis van Gaal,Man Utd,0,0,0,0,0,0,Mark Clattenburg,0-0,1,1,2015-2016,2,2,1,1,25,28,3,3,Old Trafford,2,2
0,2,47653,0,,Steve McClaren,Newcastle,4,5,9,25,10,1,21,10,Sunday 25 October 2015,10,12,10,10,3,0,3,"Adam Johnson (45+3 Pen),Billy Jones (65),Steven Fletcher (86)",Sam Allardyce,Sunderland,1,0,0,1,1,0,Robert Madley,3-0,0,8,2015-2016,8,1,8,3,22,23,16,4,Stadium of Light,2,0
1,2,59985,1,Ross Barkley (44),Roberto Martinez,Everton,6,2,21,14,5,7,17,12,Saturday 24 October 2015,14,11,11,16,1,0,2,"Olivier Giroud (36),Laurent Koscielny (38)",Arsène Wenger,Arsenal,2,0,0,0,1,0,Lee Mason,2-1,3,4,2015-2016,3,9,5,5,21,23,8,14,Emirates Stadium,0,2
1,1,33324,2,"Gylfi Sigurdsson (68),André Ayew (87)",Garry Monk,Swansea,1,1,22,18,6,4,14,21,Saturday 24 October 2015,8,10,8,11,1,0,1,Jordan Ayew (62),Tim Sherwood,Aston Villa,4,0,0,0,0,0,Neil Swarbrick,1-2,2,2,2015-2016,5,5,4,3,25,29,9,8,Villa Park,3,2
0,1,31752,0,,Alan Pardew,Crystal Palace,4,2,14,38,2,3,21,13,Saturday 24 October 2015,11,7,9,13,1,0,1,Jamie Vardy (59),Claudio Ranieri,Leicester,3,2,0,0,0,0,Mike Dean,1-0,2,4,2015-2016,3,5,4,3,37,22,7,8,King Power Stadium,1,3
1,0,26983,1,Salomón Rondón (46),Tony Pulis,West Brom,4,0,45,45,3,13,17,35,Saturday 24 October 2015,6,11,15,5,0,0,0,,Alex Neil,Norwich,0,4,0,0,0,0,Kevin Friend,0-1,3,3,2015-2016,3,9,4,3,16,17,7,12,Carrow Road,2,1
2,0,27587,2,"Troy Deeney (43),Almen Abdi (69)",Enrique Sánchez Flores,Watford,3,5,25,17,5,11,8,18,Saturday 24 October 2015,18,10,17,17,1,0,0,,Mark Hughes,Stoke,0,8,0,0,0,0,Martin Atkinson,0-2,0,1,2015-2016,5,8,3,0,18,25,8,8,Britannia Stadium,1,3
1,1,34977,1,Gary Cahill (56),José Mourinho,Chelsea,3,0,27,21,4,7,7,14,Saturday 24 October 2015,12,10,12,16,0,0,2,"Mauro Zárate (17),Andy Carroll (79)",Slaven Bilic,West Ham,5,4,0,0,2,0,Jonathan Moss,2-1,3,2,2015-2016,5,4,4,5,22,26,9,9,Boleyn Ground,5,1
0,0,20044,1,Bojan (4 Pen),Mark Hughes,Stoke,2,1,15,21,2,1,7,22,Monday 19 October 2015,14,6,6,14,0,0,0,,Garry Monk,Swansea,2,1,1,0,0,0,Robert Madley,0-1,2,1,2015-2016,6,10,2,2,18,29,8,12,Liberty Stadium,2,2
2,5,47006,2,"Dieumerci Mbokani (20),Nathan Redmond (34)",Alex Neil,Norwich,3,6,24,18,7,3,22,13,Sunday 18 October 2015,10,10,12,11,0,0,6,"Georginio Wijnaldum (14, 26, 66, 85),Ayoze Pérez (33),Aleksandar Mitrovic (64)",Steve McClaren,Newcastle,1,3,0,0,0,0,Anthony Taylor,6-2,0,3,2015-2016,6,2,6,6,20,16,12,8,St. James' Park,1,1
3,0,20721,3,"Alexis Sánchez (62),Olivier Giroud (68),Aaron Ramsey (74)",Arsène Wenger,Arsenal,1,6,31,25,9,3,15,13,Saturday 17 October 2015,12,11,12,16,0,0,0,,Enrique Sánchez Flores,Watford,4,1,0,0,0,0,Mike Jones,0-3,1,3,2015-2016,5,6,6,1,12,18,11,7,Vicarage Road,1,2
0,1,41596,0,,Tim Sherwood,Aston Villa,3,3,27,24,4,4,14,9,Saturday 17 October 2015,17,22,22,16,0,1,2,"Diego Costa (34),Alan Hutton (54 OG)",José Mourinho,Chelsea,0,1,0,0,0,0,Roger East,2-0,2,1,2015-2016,6,3,2,3,31,29,8,6,Stamford Bridge,3,1
3,0,24812,3,"Carl Jenkinson (22),Manuel Lanzini (88),Dimitri Payet (90+4)",Slaven Bilic,West Ham,2,8,20,14,9,1,17,14,Saturday 17 October 2015,11,9,10,14,1,0,1,Yohan Cabaye (25 Pen),Alan Pardew,Crystal Palace,4,2,0,1,0,1,Mark Clattenburg,1-3,0,1,2015-2016,12,3,4,1,22,26,16,4,Selhurst Park,3,1
3,0,39553,3,"Morgan Schneiderlin (18),Ander Herrera (22),Wayne Rooney (62)",Louis van Gaal,Man Utd,3,1,25,21,3,5,13,15,Saturday 17 October 2015,14,12,12,13,0,0,0,,Roberto Martinez,Everton,1,0,0,0,0,0,Jonathan Moss,0-3,3,3,2015-2016,2,6,7,3,20,22,9,9,Goodison Park,2,2
1,3,54502,1,Glenn Murray (22),Eddie Howe,Bournemouth,0,1,14,29,7,1,20,7,Saturday 17 October 2015,5,11,12,6,0,0,5,"Raheem Sterling (7, 29, 45+3),Wilfried Bony (11, 89)",Manuel Pellegrini,Man City,1,2,0,0,0,0,Mike Dean,5-1,6,0,2015-2016,3,5,1,11,25,28,4,16,Etihad Stadium,1,2
2,1,30966,2,"Jamie Vardy (66, 90+1)",Claudio Ranieri,Leicester,2,8,15,58,7,6,26,16,Saturday 17 October 2015,10,16,16,10,1,0,2,"Jose Fonte (21),Virgil van Dijk (37)",Ronald Koeman,Southampton,0,1,0,0,0,0,Paul Tierney,2-2,3,5,2015-2016,12,5,7,6,25,16,19,11,St. Mary's Stadium,0,2
0,0,24225,0,,Sam Allardyce,Sunderland,2,5,43,18,5,1,14,23,Saturday 17 October 2015,13,12,14,18,0,2,1,Saido Berahino (54),Tony Pulis,West Brom,5,2,0,0,0,0,Martin Atkinson,1-0,1,2,2015-2016,1,5,2,2,19,23,3,7,The Hawthorns,2,2
0,0,35926,0,,Jürgen Klopp,Liverpool,5,5,27,36,6,8,12,14,Saturday 17 October 2015,11,15,16,16,0,0,0,,Mauricio Pochettino,Spurs,5,2,0,0,0,0,Craig Pawson,0-0,4,3,2015-2016,4,4,3,4,40,31,7,8,White Hart Lane,2,1
0,3,60084,0,,Louis van Gaal,Man Utd,2,1,5,28,6,3,21,4,Sunday 4 October 2015,17,8,10,19,0,0,3,"Alexis Sánchez (6, 19),Mesut Özil (7)",Arsène Wenger,Arsenal,3,2,0,0,0,0,Anthony Taylor,3-0,2,5,2015-2016,3,5,5,5,18,12,8,10,Emirates Stadium,3,1
0,1,20845,2,"Christian Eriksen (27, 65)",Mauricio Pochettino,Spurs,4,4,28,21,6,5,20,15,Sunday 4 October 2015,19,8,6,19,0,0,2,"André Ayew (16),Harry Kane (31 OG)",Garry Monk,Swansea,0,1,0,0,0,0,Mike Dean,2-2,1,9,2015-2016,4,5,12,2,13,18,16,7,Liberty Stadium,4,1
1,0,39598,1,Danny Ings (41),Brendan Rodgers,Liverpool,7,4,28,25,11,5,14,13,Sunday 4 October 2015,19,10,11,17,0,0,1,Romelu Lukaku (45+1),Roberto Martinez,Everton,0,1,0,0,0,0,Martin Atkinson,1-1,3,3,2015-2016,5,2,4,4,23,24,9,6,Goodison Park,3,3
3,0,41642,3,"Steven Davis (43),Sadio Mané (60),Graziano Pellè (72)",Ronald Koeman,Southampton,3,4,30,12,6,4,9,10,Saturday 3 October 2015,14,14,14,14,0,0,1,Willian (10),José Mourinho,Chelsea,3,1,0,0,0,0,Robert Madley,1-3,2,2,2015-2016,4,4,5,3,22,21,9,7,Stamford Bridge,5,2
1,0,33189,1,Marko Arnautovic (55),Mark Hughes,Stoke,6,3,29,17,5,9,12,22,Saturday 3 October 2015,12,12,14,12,0,0,0,,Tim Sherwood,Aston Villa,2,2,0,0,0,0,Mike Jones,0-1,2,4,2015-2016,4,4,5,2,25,29,9,6,Villa Park,0,1
0,1,11187,1,Odion Ighalo (45),Enrique Sánchez Flores,Watford,2,4,16,22,3,5,13,22,Saturday 3 October 2015,13,8,10,13,0,0,1,Glenn Murray (28),Eddie Howe,Bournemouth,1,4,0,1,0,0,Michael Oliver,1-1,6,1,2015-2016,5,4,2,6,31,38,7,10,Vitality Stadium,1,1
1,6,53850,1,Aleksandar Mitrovic (18),Steve McClaren,Newcastle,4,1,23,13,3,6,6,23,Saturday 3 October 2015,8,13,14,10,0,0,6,"Sergio Agüero (42, 49, 50, 60, 62),Kevin De Bruyne (53)",Manuel Pellegrini,Man City,3,1,0,0,0,0,Kevin Friend,6-1,5,3,2015-2016,1,8,4,11,13,20,5,19,Etihad Stadium,2,3
1,1,27067,2,"Jamie Vardy (28 Pen),Jeffrey Schlupp (47)",Claudio Ranieri,Leicester,6,3,40,44,8,16,13,34,Saturday 3 October 2015,4,4,5,5,0,0,1,Dieumerci Mbokani (68),Alex Neil,Norwich,1,2,1,0,0,0,Mark Clattenburg,1-2,1,3,2015-2016,8,9,5,2,20,34,13,11,Carrow Road,1,0
1,2,42932,2,"Carl Jenkinson (45+1),Dimitri Payet (60)",Slaven Bilic,West Ham,4,5,12,32,8,1,25,7,Saturday 3 October 2015,11,14,15,13,2,0,2,"Steven Fletcher (10),Jeremain Lens (22)",Dick Advocaat,Sunderland,2,2,0,0,0,1,Neil Swarbrick,2-2,1,4,2015-2016,9,5,6,3,26,18,15,8,Stadium of Light,4,2
0,1,24033,0,,Tony Pulis,West Brom,6,2,35,32,3,8,8,29,Saturday 3 October 2015,13,14,17,13,0,1,2,"Yannick Bolasie (68),Yohan Cabaye (89 Pen)",Alan Pardew,Crystal Palace,1,3,0,1,0,0,Jonathan Moss,2-0,6,2,2015-2016,3,7,2,8,18,33,5,15,Selhurst Park,3,3
3,2,24240,3,"Romelu Lukaku (55, 84),Arouna Koné (75)",Roberto Martinez,Everton,1,3,37,21,4,6,13,18,Monday 28 September 2015,8,9,11,10,0,0,2,"Saido Berahino (41),Craig Dawson (54)",Tony Pulis,West Brom,2,3,0,0,0,0,Robert Madley,2-3,2,2,2015-2016,5,4,4,4,20,24,9,8,The Hawthorns,3,0
0,0,20168,1,Yohan Cabaye (71 Pen),Alan Pardew,Crystal Palace,4,5,50,20,4,6,22,24,Sunday 27 September 2015,22,17,13,20,0,0,0,,Enrique Sánchez Flores,Watford,0,0,1,0,0,0,Anthony Taylor,0-1,2,3,2015-2016,8,9,3,2,15,30,11,11,Vicarage Road,4,4
1,2,48682,2,"Ramires (79),Willian (86)",José Mourinho,Chelsea,3,4,17,25,6,4,15,9,Saturday 26 September 2015,15,12,11,18,0,0,2,"Ayoze Pérez (42),Georginio Wijnaldum (60)",Steve McClaren,Newcastle,3,1,0,0,0,0,Martin Atkinson,2-2,3,2,2015-2016,8,3,4,5,29,28,12,8,St. James' Park,2,1
4,2,32047,5,"Theo Walcott (18),Alexis Sánchez (33, 57, 81),Olivier Giroud (90+3)",Arsène Wenger,Arsenal,3,12,46,20,5,6,7,28,Saturday 26 September 2015,12,9,9,14,2,0,2,"Jamie Vardy (13, 89)",Claudio Ranieri,Leicester,2,0,0,0,0,0,Craig Pawson,2-5,5,6,2015-2016,2,6,12,7,19,18,14,13,King Power Stadium,1,1
2,3,44228,2,"Rudy Gestede (66, 71)",Tim Sherwood,Aston Villa,7,1,32,9,1,11,11,24,Saturday 26 September 2015,13,8,11,12,1,0,3,"James Milner (2),Daniel Sturridge (59, 67)",Brendan Rodgers,Liverpool,1,3,0,0,0,0,Jonathan Moss,3-2,9,2,2015-2016,5,2,4,12,14,18,9,14,Anfield,0,0
0,2,75328,0,,Dick Advocaat,Sunderland,4,3,18,15,2,5,4,16,Saturday 26 September 2015,17,12,12,15,2,0,3,"Memphis Depay (45+4),Wayne Rooney (46),Juan Mata (90)",Louis van Gaal,Man Utd,0,0,0,0,0,0,Mike Jones,3-0,4,4,2015-2016,1,1,4,7,11,18,5,8,Old Trafford,3,0
0,1,30704,1,Gylfi Sigurdsson (83 Pen),Garry Monk,Swansea,3,3,16,25,3,4,20,19,Saturday 26 September 2015,14,18,21,16,1,0,3,"Virgil van Dijk (11),Ki Sung-yueng (54 OG),Sadio Mané (61)",Ronald Koeman,Southampton,3,6,1,0,0,0,Roger East,3-1,4,3,2015-2016,4,8,5,6,20,17,9,14,St. Mary's Stadium,1,3
0,2,27742,1,Dan Gosling (76),Eddie Howe,Bournemouth,1,4,18,30,7,3,11,13,Saturday 26 September 2015,11,13,12,15,0,0,2,"Jonathan Walters (32),Mame Biram Diouf (83)",Mark Hughes,Stoke,4,2,0,0,0,0,Lee Mason,2-1,3,5,2015-2016,2,2,6,5,31,22,8,7,Britannia Stadium,0,1
1,2,34857,2,"Robbie Brady (9),Nathan Redmond (83)",Alex Neil,Norwich,4,4,36,22,5,7,14,18,Saturday 26 September 2015,17,7,9,16,0,1,2,"Diafra Sakho (33),Cheikhou Kouyaté (90+3)",Slaven Bilic,West Ham,0,3,0,0,0,0,Mike Dean,2-2,5,6,2015-2016,5,8,7,7,17,25,12,15,Boleyn Ground,0,0
1,2,35867,1,Kevin De Bruyne (25),Manuel Pellegrini,Man City,3,8,28,40,9,5,16,13,Saturday 26 September 2015,6,17,20,8,1,0,4,"Eric Dier (45),Toby Alderweireld (50),Harry Kane (61),Erik Lamela (79)",Mauricio Pochettino,Spurs,3,5,0,0,0,0,Mark Clattenburg,4-1,4,7,2015-2016,6,3,8,8,26,31,14,11,White Hart Lane,1,5
0,1,44072,1,Russell Martin (61),Alex Neil,Norwich,9,1,27,14,2,6,12,18,Sunday 20 September 2015,13,4,7,13,0,0,1,Danny Ings (48),Brendan Rodgers,Liverpool,1,3,0,0,0,0,Anthony Taylor,1-1,6,1,2015-2016,4,7,2,7,24,21,6,14,Anfield,2,1
0,1,31588,3,"Anthony Martial (34, 50),Juan Mata (68)",Louis van Gaal,Man Utd,1,2,31,10,5,5,7,16,Sunday 20 September 2015,13,6,5,16,0,0,2,"Graziano Pellè (13, 86)",Ronald Koeman,Southampton,3,1,0,0,0,0,Mark Clattenburg,2-3,6,0,2015-2016,5,6,3,8,20,16,8,14,St. Mary's Stadium,0,2
0,1,35723,0,,Alan Pardew,Crystal Palace,9,4,35,27,5,6,17,12,Sunday 20 September 2015,11,9,10,11,0,0,1,Son Heung-Min (68),Mauricio Pochettino,Spurs,3,3,0,0,0,0,Michael Oliver,1-0,5,4,2015-2016,4,6,4,6,29,30,8,12,White Hart Lane,2,1
2,1,53545,2,"Victor Moses (6),Diafra Sakho (31)",Slaven Bilic,West Ham,10,0,57,17,3,16,5,38,Saturday 19 September 2015,7,10,12,9,0,0,1,Kevin De Bruyne (45+2),Manuel Pellegrini,Man City,2,2,0,0,0,0,Robert Madley,1-2,8,1,2015-2016,3,9,3,8,13,21,6,17,Etihad Stadium,2,1
1,0,36321,1,Saido Berahino (39),Tony Pulis,West Brom,5,2,38,33,7,2,16,24,Saturday 19 September 2015,11,10,12,9,1,0,0,,Tim Sherwood,Aston Villa,1,2,0,0,0,0,Martin Atkinson,0-1,3,5,2015-2016,2,5,6,3,33,29,8,8,Villa Park,3,2
0,1,11271,0,,Dick Advocaat,Sunderland,6,4,18,15,3,7,10,13,Saturday 19 September 2015,15,14,14,16,1,1,2,"Callum Wilson (4),Matt Ritchie (9)",Eddie Howe,Bournemouth,4,2,0,0,1,0,Kevin Friend,2-0,3,2,2015-2016,3,4,2,5,26,18,5,9,Vitality Stadium,4,2
2,1,47806,2,"Odion Ighalo (10, 28)",Enrique Sánchez Flores,Watford,3,3,19,8,5,5,5,35,Saturday 19 September 2015,12,8,12,13,0,1,1,Daryl Janmaat (62),Steve McClaren,Newcastle,1,4,0,0,0,0,Roger East,1-2,4,2,2015-2016,6,7,4,5,16,29,10,12,St. James' Park,2,1
1,1,27642,2,"Riyad Mahrez (51 Pen),Jamie Vardy (69)",Claudio Ranieri,Leicester,2,1,33,18,4,3,12,24,Saturday 19 September 2015,12,7,9,12,0,1,2,"Bojan (13),Jonathan Walters (20)",Mark Hughes,Stoke,1,3,1,0,0,0,Andre Marriner,2-2,2,3,2015-2016,6,5,5,4,22,23,11,9,Britannia Stadium,4,1
0,0,20805,0,,Roberto Martinez,Everton,3,7,14,22,4,2,15,19,Saturday 19 September 2015,11,12,14,10,0,0,0,,Garry Monk,Swansea,1,3,0,0,1,0,Stuart Attwell,0-0,3,1,2015-2016,7,6,2,3,18,24,9,9,Liberty Stadium,2,2
0,1,41584,0,,Arsène Wenger,Arsenal,10,3,22,16,5,5,10,10,Saturday 19 September 2015,11,12,11,13,1,1,2,"Kurt Zouma (53),Calum Chambers (90+1 OG)",José Mourinho,Chelsea,3,0,0,0,2,0,Mike Dean,2-0,5,2,2015-2016,4,6,3,6,19,14,7,12,Stamford Bridge,1,3
0,1,34907,0,,Steve McClaren,Newcastle,4,5,21,25,7,6,27,13,Monday 14 September 2015,11,8,8,12,0,2,2,"Dimitri Payet (9, 48)",Slaven Bilic,West Ham,2,0,0,0,0,0,Anthony Taylor,2-0,1,4,2015-2016,5,8,4,3,36,27,9,11,Boleyn Ground,2,0
2,3,31733,2,"Jack Grealish (39),Carles Gil (63)",Tim Sherwood,Aston Villa,6,4,30,16,5,4,7,13,Sunday 13 September 2015,13,8,9,14,0,0,3,"Ritchie de Laet (72),Jamie Vardy (82),Nathan Dyer (89)",Claudio Ranieri,Leicester,1,1,0,0,0,0,Mike Dean,3-2,3,2,2015-2016,3,9,4,6,26,35,7,15,King Power Stadium,1,2
1,0,40303,1,Ryan Mason (82),Mauricio Pochettino,Spurs,5,5,31,30,8,6,16,18,Sunday 13 September 2015,12,11,13,12,0,0,0,,Dick Advocaat,Sunderland,0,2,0,0,0,0,Craig Pawson,0-1,3,3,2015-2016,6,5,4,2,30,25,10,7,Stadium of Light,1,2
0,2,75347,1,Christian Benteke (84),Brendan Rodgers,Liverpool,3,0,25,25,4,4,8,16,Saturday 12 September 2015,11,6,7,11,0,0,3,"Daley Blind (49),Ander Herrera (70 Pen),Anthony Martial (86)",Louis van Gaal,Man Utd,2,2,0,1,0,0,Michael Oliver,3-1,0,2,2015-2016,4,3,4,3,24,27,8,6,Old Trafford,2,1
0,2,59963,0,,Mark Hughes,Stoke,8,3,31,13,1,13,6,15,Saturday 12 September 2015,13,6,9,15,0,0,2,"Theo Walcott (31),Olivier Giroud (85)",Arsène Wenger,Arsenal,3,3,0,0,0,0,Jonathan Moss,2-0,10,3,2015-2016,2,9,3,12,18,19,5,21,Emirates Stadium,1,1
0,0,25167,1,Kelechi Iheanacho (90),Manuel Pellegrini,Man City,2,5,21,29,4,4,18,17,Saturday 12 September 2015,13,13,18,13,0,0,0,,Alan Pardew,Crystal Palace,0,5,0,0,0,0,Mike Jones,0-1,2,6,2015-2016,9,6,7,2,30,23,16,8,Selhurst Park,3,2
1,2,27018,1,Steve Cook (81),Eddie Howe,Bournemouth,0,2,15,15,4,4,14,16,Saturday 12 September 2015,11,10,10,13,0,1,3,"Cameron Jerome (35),Wes Hoolahan (52),Matthew Jarvis (67)",Alex Neil,Norwich,2,0,0,0,0,0,Martin Atkinson,3-1,1,1,2015-2016,3,8,2,4,35,16,5,12,Carrow Road,3,2
0,1,20057,0,,Garry Monk,Swansea,4,1,39,27,3,1,18,14,Saturday 12 September 2015,14,11,11,20,1,0,1,Odion Ighalo (59),Enrique Sánchez Flores,Watford,6,0,0,0,0,1,Robert Madley,1-0,5,3,2015-2016,4,7,3,6,24,21,7,13,Vicarage Road,1,1
0,0,24265,0,,Ronald Koeman,Southampton,3,5,20,28,5,4,28,13,Saturday 12 September 2015,5,5,6,7,0,0,0,,Tony Pulis,West Brom,2,1,0,0,0,0,Stuart Attwell,0-0,1,4,2015-2016,6,4,4,1,25,17,10,5,The Hawthorns,0,1
1,3,38311,1,Nemanja Matic (36),José Mourinho,Chelsea,0,7,12,39,14,7,21,15,Saturday 12 September 2015,12,12,12,13,0,0,3,"Steven Naismith (17, 22, 82)",Roberto Martinez,Everton,2,0,0,0,0,0,Andre Marriner,3-1,6,1,2015-2016,6,5,2,9,15,12,8,14,Goodison Park,2,2
1,2,20828,1,Juan Mata (48),Louis van Gaal,Man Utd,1,1,20,32,1,0,21,7,Sunday 30 August 2015,15,6,8,14,1,0,2,"André Ayew (61),Bafétimbi Gomis (66)",Garry Monk,Swansea,1,3,0,0,0,0,Martin Atkinson,2-1,2,3,2015-2016,6,4,4,4,17,18,10,8,Liberty Stadium,2,2
0,2,29573,0,,Alex Neil,Norwich,1,2,28,19,4,6,11,32,Sunday 30 August 2015,12,4,6,10,0,0,3,"Graziano Pellè (45+1),Dusan Tadic (64, 67)",Ronald Koeman,Southampton,0,2,0,0,1,0,Jonathan Moss,3-0,5,1,2015-2016,3,13,1,8,23,22,4,21,St. Mary's Stadium,0,0
0,0,35865,0,,Roberto Martinez,Everton,6,1,19,17,2,6,14,19,Saturday 29 August 2015,9,20,22,10,0,1,0,,Mauricio Pochettino,Spurs,1,3,0,0,0,0,Mike Jones,0-0,6,3,2015-2016,4,8,3,6,17,16,7,14,White Hart Lane,1,4
1,1,35399,2,"Yann M'Vila (8),Jeremain Lens (52)",Dick Advocaat,Sunderland,4,1,39,27,4,5,9,29,Saturday 29 August 2015,14,10,9,14,0,1,2,"Scott Sinclair (11 Pen, 41)",Tim Sherwood,Aston Villa,1,0,0,1,0,0,Robert Madley,2-2,4,1,2015-2016,3,11,3,6,14,27,6,17,Villa Park,1,2
0,0,11155,1,Jamie Vardy (86 Pen),Claudio Ranieri,Leicester,3,0,17,30,4,4,17,17,Saturday 29 August 2015,19,9,9,19,1,0,1,Callum Wilson (24),Eddie Howe,Bournemouth,1,1,1,0,0,0,Neil Swarbrick,1-1,1,1,2015-2016,2,0,2,2,30,36,4,2,Vitality Stadium,4,2
1,1,41581,2,"Bakary Sako (65),Joel Ward (81)",Alan Pardew,Crystal Palace,7,2,45,19,7,7,17,17,Saturday 29 August 2015,15,9,9,17,0,0,1,Falcao (79),José Mourinho,Chelsea,2,0,0,0,0,0,Craig Pawson,1-2,7,3,2015-2016,6,9,5,9,24,15,11,18,Stamford Bridge,1,1
1,0,43680,3,"Manuel Lanzini (3),Mark Noble (29),Diafra Sakho (90+2)",Slaven Bilic,West Ham,5,3,25,18,7,5,12,23,Saturday 29 August 2015,12,17,18,12,0,2,0,,Brendan Rodgers,Liverpool,0,1,0,0,1,1,Kevin Friend,0-3,1,2,2015-2016,4,7,5,1,16,26,9,8,Anfield,1,3
0,2,53218,0,,Enrique Sánchez Flores,Watford,5,5,23,17,3,9,10,19,Saturday 29 August 2015,12,9,8,10,0,0,2,"Raheem Sterling (47),Fernandinho (56)",Manuel Pellegrini,Man City,1,1,0,0,0,0,Mark Clattenburg,2-0,3,0,2015-2016,2,8,0,5,11,13,2,13,Etihad Stadium,2,1
1,0,26747,1,Salomón Rondón (45+3),Tony Pulis,West Brom,3,4,26,19,5,6,23,13,Saturday 29 August 2015,9,4,6,10,0,0,0,,Mark Hughes,Stoke,3,2,0,0,0,2,Michael Oliver,0-1,4,4,2015-2016,6,5,5,5,25,16,11,10,Britannia Stadium,4,1
0,0,50388,1,Fabricio Coloccini (52 OG),Arsène Wenger,Arsenal,0,7,14,33,9,0,8,12,Saturday 29 August 2015,8,15,15,10,0,0,0,,Steve McClaren,Newcastle,2,2,0,0,0,1,Andre Marriner,0-1,0,9,2015-2016,6,1,9,1,24,23,15,2,St. James' Park,1,6
0,0,60080,0,,Brendan Rodgers,Liverpool,5,3,36,26,8,7,9,16,Monday 24 August 2015,13,2,7,17,1,0,0,,Arsène Wenger,Arsenal,4,5,0,0,0,0,Michael Oliver,0-0,5,8,2015-2016,4,9,8,5,23,18,12,14,Emirates Stadium,4,1
2,0,38523,2,"Aleksandar Kolarov (60),Samir Nasri (88)",Manuel Pellegrini,Man City,4,4,21,24,7,8,19,11,Sunday 23 August 2015,7,5,8,7,0,0,0,,Roberto Martinez,Everton,2,3,0,0,0,0,Anthony Taylor,0-2,1,7,2015-2016,3,5,9,1,26,18,12,6,Goodison Park,3,0
0,0,20166,0,,Ronald Koeman,Southampton,6,0,28,16,2,5,19,28,Sunday 23 August 2015,11,10,14,13,0,0,0,,Enrique Sánchez Flores,Watford,2,4,0,0,0,0,Andre Marriner,0-0,0,6,2015-2016,9,6,5,0,18,31,14,6,Vicarage Road,2,0
2,2,23256,3,"Pedro (20),Diego Costa (30),César Azpilicueta (42)",José Mourinho,Chelsea,3,3,24,15,7,8,5,18,Sunday 23 August 2015,12,9,10,11,1,1,2,"James Morrison (35, 59)",Tony Pulis,West Brom,1,2,0,1,1,0,Mark Clattenburg,2-3,4,2,2015-2016,7,6,5,6,13,20,12,12,The Hawthorns,1,2
0,2,25295,1,Pape Souaré (77 OG),Tim Sherwood,Aston Villa,3,3,24,21,4,6,17,23,Saturday 22 August 2015,15,12,16,14,1,0,2,"Scott Dann (71),Bakary Sako (87)",Alan Pardew,Crystal Palace,0,4,0,0,0,0,Keith Stroud,2-1,4,2,2015-2016,6,7,2,7,22,15,8,14,Selhurst Park,3,3
1,1,31971,1,Dele Alli (81),Mauricio Pochettino,Spurs,6,4,41,15,7,2,13,20,Saturday 22 August 2015,14,7,8,13,0,0,1,Riyad Mahrez (82),Claudio Ranieri,Leicester,0,1,0,0,0,0,Martin Atkinson,1-1,1,5,2015-2016,9,5,6,2,26,21,15,7,King Power Stadium,4,1
1,1,26771,1,Mame Biram Diouf (11),Mark Hughes,Stoke,5,1,18,22,0,9,8,16,Saturday 22 August 2015,5,16,18,7,0,2,1,Russell Martin (28),Alex Neil,Norwich,4,2,0,0,0,0,Mike Dean,1-1,6,0,2015-2016,4,8,1,7,21,26,5,15,Carrow Road,1,4
1,1,39198,1,Bafétimbi Gomis (45+3),Garry Monk,Swansea,3,4,28,17,4,3,17,13,Saturday 22 August 2015,9,16,20,9,0,2,1,Jermain Defoe (62),Dick Advocaat,Sunderland,2,4,0,0,0,0,Neil Swarbrick,1-1,1,8,2015-2016,6,5,9,2,20,15,15,7,Stadium of Light,2,4
2,1,34977,4,"Callum Wilson (11, 28, 79 Pen),Marc Pugh (66)",Eddie Howe,Bournemouth,3,2,37,15,4,5,10,14,Saturday 22 August 2015,11,8,9,11,0,0,3,"Mark Noble (48 Pen),Cheikhou Kouyaté (53),Modibo Maiga (82)",Slaven Bilic,West Ham,1,3,1,1,0,1,Jonathan Moss,3-4,1,3,2015-2016,6,3,7,4,33,25,13,7,Boleyn Ground,1,0
0,0,75354,0,,Steve McClaren,Newcastle,9,3,35,22,5,11,14,28,Saturday 22 August 2015,11,15,19,11,0,0,0,,Louis van Gaal,Man Utd,2,4,0,0,0,0,Craig Pawson,0-0,8,0,2015-2016,4,3,0,8,13,20,4,11,Old Trafford,2,2
0,1,44102,0,,Eddie Howe,Bournemouth,5,5,23,36,8,6,18,6,Monday 17 August 2015,18,11,12,17,1,0,1,Christian Benteke (26),Brendan Rodgers,Liverpool,0,1,0,0,0,0,Craig Pawson,1-0,1,2,2015-2016,6,11,2,2,31,19,8,13,Anfield,4,1
0,3,54331,0,,José Mourinho,Chelsea,4,3,25,23,1,5,15,20,Sunday 16 August 2015,13,19,19,16,0,0,3,"Sergio Agüero (31),Vincent Kompany (79),Fernandinho (85)",Manuel Pellegrini,Man City,3,1,0,0,0,0,Martin Atkinson,3-0,5,3,2015-2016,4,6,3,8,19,19,7,14,Etihad Stadium,2,4
1,1,24732,2,"Olivier Giroud (16),Damien Delaney (55 OG)",Arsène Wenger,Arsenal,3,7,36,35,6,6,19,23,Sunday 16 August 2015,12,14,16,11,0,0,1,Joel Ward (28),Alan Pardew,Crystal Palace,2,3,0,0,0,0,Lee Mason,1-2,3,5,2015-2016,6,4,7,5,20,15,13,9,Selhurst Park,1,1
2,0,41379,3,"Russell Martin (26),Steven Whittaker (37),Nathan Redmond (57)",Alex Neil,Norwich,1,8,34,20,6,6,16,7,Saturday 15 August 2015,7,7,7,8,1,0,1,Duncan Watmore (88),Dick Advocaat,Sunderland,1,2,0,0,0,0,Kevin Friend,1-3,1,3,2015-2016,4,3,6,2,33,20,10,5,Stadium of Light,2,1
0,2,20678,0,,Steve McClaren,Newcastle,7,0,18,18,4,4,7,15,Saturday 15 August 2015,8,11,13,9,0,0,2,"Bafétimbi Gomis (9),André Ayew (52)",Garry Monk,Swansea,1,3,0,0,1,0,Mike Jones,2-0,4,2,2015-2016,2,6,2,6,19,26,4,12,Liberty Stadium,1,2
1,2,36004,2,"Marko Arnautovic (78 Pen),Mame Biram Diouf (83)",Mark Hughes,Stoke,4,2,15,17,3,4,20,10,Saturday 15 August 2015,11,15,16,13,0,0,2,"Eric Dier (19),Nacer Chadli (45+2)",Mauricio Pochettino,Spurs,3,3,1,0,0,0,Robert Madley,2-2,5,5,2015-2016,6,2,7,7,21,35,13,9,White Hart Lane,2,2
0,0,20011,0,,Tony Pulis,West Brom,2,1,39,21,4,2,13,31,Saturday 15 August 2015,10,13,12,9,0,2,0,,Enrique Sánchez Flores,Watford,0,0,0,0,0,0,Paul Tierney,0-0,6,0,2015-2016,5,8,0,5,13,32,5,13,Vicarage Road,2,1
1,1,34857,2,"Shinji Okazaki (27),Riyad Mahrez (38)",Claudio Ranieri,Leicester,3,2,36,22,4,8,12,33,Saturday 15 August 2015,12,11,11,13,0,0,1,Dimitri Payet (55),Slaven Bilic,West Ham,1,1,0,0,0,1,Anthony Taylor,1-2,2,3,2015-2016,3,3,5,3,15,35,8,6,Boleyn Ground,3,1
3,0,30966,3,"Romelu Lukaku (22, 45),Ross Barkley (84)",Roberto Martinez,Everton,4,4,32,19,9,9,12,31,Saturday 15 August 2015,10,11,11,11,1,0,0,,Ronald Koeman,Southampton,2,1,0,0,0,0,Michael Oliver,0-3,4,1,2015-2016,2,9,4,4,14,23,6,13,St. Mary's Stadium,2,4
1,0,42200,1,Adnan Januzaj (29),Louis van Gaal,Man Utd,1,3,37,13,5,3,5,12,Friday 14 August 2015,10,14,17,13,0,0,0,,Tim Sherwood,Aston Villa,3,4,0,0,0,0,Mike Dean,0-1,1,1,2015-2016,4,3,2,1,18,24,6,4,Villa Park,2,2
3,0,24564,3,"David Silva (9),Yaya Touré (24),Vincent Kompany (59)",Manuel Pellegrini,Man City,1,10,21,21,6,6,14,16,Monday 10 August 2015,9,12,12,7,0,0,0,,Tony Pulis,West Brom,0,2,0,0,0,0,Mike Dean,0-3,2,4,2015-2016,2,6,7,2,12,16,9,8,The Hawthorns,1,4
1,0,27654,1,Philippe Coutinho (86),Brendan Rodgers,Liverpool,2,4,33,16,5,3,8,17,Sunday 9 August 2015,16,9,12,17,0,0,0,,Mark Hughes,Stoke,2,3,0,0,0,0,Anthony Taylor,0-1,2,2,2015-2016,1,4,3,1,22,25,4,5,Britannia Stadium,4,2
1,0,59996,2,"Cheikhou Kouyaté (43),Mauro Zárate (57)",Slaven Bilic,West Ham,8,2,26,18,4,5,5,30,Sunday 9 August 2015,9,12,15,8,0,0,0,,Arsène Wenger,Arsenal,1,3,0,0,0,0,Martin Atkinson,0-2,6,2,2015-2016,2,8,4,6,21,18,6,14,Emirates Stadium,3,1
2,1,49019,2,"Graziano Pellè (24),Shane Long (79)",Ronald Koeman,Southampton,2,3,32,24,6,6,13,30,Sunday 9 August 2015,12,9,9,15,0,0,2,"Papiss Demba Cissé (42),Georginio Wijnaldum (48)",Steve McClaren,Newcastle,3,0,0,0,0,0,Craig Pawson,2-2,2,2,2015-2016,7,3,4,4,19,34,11,7,St. James' Park,4,2
0,0,41232,2,"André Ayew (29),Bafétimbi Gomis (55 Pen)",Garry Monk,Swansea,2,4,29,14,8,4,12,19,Saturday 8 August 2015,16,15,15,19,1,0,2,"Oscar (23),Federico Fernández (30 OG)",José Mourinho,Chelsea,4,2,1,0,0,1,Michael Oliver,2-2,3,7,2015-2016,2,5,11,3,22,24,13,8,Stamford Bridge,3,1
1,0,11155,1,Rudy Gestede (72),Tim Sherwood,Aston Villa,2,2,39,16,3,6,13,23,Saturday 8 August 2015,13,13,12,13,0,0,0,,Eddie Howe,Bournemouth,0,0,0,0,0,0,Mark Clattenburg,0-1,2,2,2015-2016,2,7,3,2,19,30,5,9,Vitality Stadium,4,3
1,2,39063,2,"Miguel Layún (13),Odion Ighalo (83)",Enrique Sánchez Flores,Watford,2,3,53,25,2,8,11,24,Saturday 8 August 2015,13,7,11,14,0,0,2,"Ross Barkley (76),Arouna Koné (86)",Roberto Martinez,Everton,1,4,0,0,0,0,Mike Jones,2-2,3,3,2015-2016,3,3,5,5,14,30,8,8,Goodison Park,2,1
2,2,32242,2,"Jermain Defoe (60),Steven Fletcher (71)",Dick Advocaat,Sunderland,4,2,14,21,3,6,17,18,Saturday 8 August 2015,17,13,13,17,1,1,4,"Jamie Vardy (11),Riyad Mahrez (18, 25 Pen),Marc Albrighton (66)",Claudio Ranieri,Leicester,1,0,0,1,0,0,Lee Mason,4-2,4,3,2015-2016,4,7,5,8,25,21,9,15,King Power Stadium,4,2
3,1,27036,3,"Wilfried Zaha (39),Damien Delaney (49),Yohan Cabaye (90+4)",Alan Pardew,Crystal Palace,2,2,34,26,4,1,15,17,Saturday 8 August 2015,20,14,18,20,2,0,1,Nathan Redmond (69),Alex Neil,Norwich,2,4,0,0,0,0,Simon Hooper,1-3,4,4,2015-2016,2,9,7,6,19,23,9,15,Carrow Road,0,1
0,0,75261,0,,Mauricio Pochettino,Spurs,4,3,20,30,2,1,10,9,Saturday 8 August 2015,12,12,13,12,0,0,1,Kyle Walker (22 OG),Louis van Gaal,Man Utd,2,1,0,0,0,0,Jonathan Moss,1-0,1,4,2015-2016,2,4,5,1,24,25,7,5,Old Trafford,3,2
